WallSize_sqft,PricePerSqft_LKR,Location,Brand
419,742,Indoor,ASIANPAINT Skim Coat
587,855,Outdoor,INSEE Skim cement Coat
344,835,Outdoor,Tokyo plaster master
564,600,Indoor,NIPPON skim coat
728,950,Outdoor,Tokyo plaster master
568,921,Indoor,SF Skim Coat
137,734,Indoor,NIPPOFLEX skim coat
187,910,Outdoor,Tokyo plaster master
741,946,Indoor,SF Skim Coat
116,936,Indoor,SF Skim Coat
541,902,Outdoor,INSEE Skim cement Coat
349,999,Outdoor,INSEE Skim cement Coat
221,902,Outdoor,INSEE Skim cement Coat
690,598,Indoor,ASIANPAINT Skim Coat
553,893,Outdoor,Tokyo plaster master
457,980,Outdoor,Tokyo plaster master
788,758,Indoor,NIPPON skim coat
196,985,Outdoor,Tokyo plaster master
94,886,Indoor,NIPPON skim coat
770,1000,Outdoor,INSEE Skim cement Coat
409,965,Outdoor,INSEE Skim cement Coat
540,909,Indoor,INSEE Skim Coat
696,907,Outdoor,INSEE Skim cement Coat
96,914,Outdoor,INSEE Skim cement Coat
794,1000,Indoor,INSEE Skim Coat
561,971,Indoor,Swisstek Skim Coat
320,838,Outdoor,INSEE Skim cement Coat
290,1000,Outdoor,Tokyo plaster master
735,699,Indoor,NIPPON skim coat
230,919,Outdoor,INSEE Skim cement Coat
120,863,Indoor,Swisstek Skim Coat
334,890,Outdoor,INSEE Skim cement Coat
197,748,Indoor,NIPPOFLEX skim coat
394,919,Outdoor,INSEE Skim cement Coat
219,947,Outdoor,Tokyo plaster master
176,754,Indoor,ASIANPAINT Skim Coat
625,899,Outdoor,Tokyo plaster master
345,948,Indoor,INSEE Skim Coat
493,956,Outdoor,INSEE Skim cement Coat
227,982,Outdoor,Tokyo plaster master
714,655,Indoor,ASIANPAINT Skim Coat
368,831,Indoor,NIPPON skim coat
606,873,Indoor,Swisstek Skim Coat
105,815,Indoor,Multilac Skim Coat
682,905,Outdoor,Tokyo plaster master
438,819,Indoor,Multilac Skim Coat
268,828,Indoor,SF Skim Coat
622,862,Outdoor,INSEE Skim cement Coat
155,777,Indoor,ASIANPAINT Skim Coat
373,835,Outdoor,Tokyo plaster master
109,1042,Outdoor,INSEE Skim cement Coat
282,688,Indoor,NIPPON skim coat
419,991,Outdoor,INSEE Skim cement Coat
193,943,Outdoor,INSEE Skim cement Coat
670,886,Outdoor,Tokyo plaster master
247,961,Outdoor,Tokyo plaster master
236,943,Outdoor,Tokyo plaster master
87,991,Indoor,INSEE Skim Coat
565,960,Outdoor,Tokyo plaster master
175,916,Indoor,Swisstek Skim Coat
141,919,Outdoor,Tokyo plaster master
108,868,Indoor,NIPPOFLEX skim coat
566,626,Indoor,Multilac Skim Coat
753,687,Indoor,NIPPOFLEX skim coat
392,964,Outdoor,INSEE Skim cement Coat
621,946,Indoor,INSEE Skim Coat
106,998,Indoor,Swisstek Skim Coat
110,915,Outdoor,Tokyo plaster master
80,892,Indoor,Swisstek Skim Coat
125,884,Indoor,Swisstek Skim Coat
200,712,Indoor,Multilac Skim Coat
413,682,Indoor,ASIANPAINT Skim Coat
504,770,Indoor,ASIANPAINT Skim Coat
373,969,Outdoor,Tokyo plaster master
130,938,Indoor,INSEE Skim Coat
696,972,Indoor,Swisstek Skim Coat
797,744,Indoor,ASIANPAINT Skim Coat
381,788,Indoor,ASIANPAINT Skim Coat
590,935,Outdoor,Tokyo plaster master
531,688,Indoor,ASIANPAINT Skim Coat
668,894,Outdoor,INSEE Skim cement Coat
388,916,Outdoor,INSEE Skim cement Coat
720,704,Indoor,ASIANPAINT Skim Coat
518,894,Indoor,INSEE Skim Coat
512,900,Outdoor,Tokyo plaster master
222,954,Outdoor,Tokyo plaster master
718,900,Outdoor,INSEE Skim cement Coat
544,868,Outdoor,INSEE Skim cement Coat
203,886,Outdoor,Tokyo plaster master
435,894,Outdoor,Tokyo plaster master
226,746,Indoor,NIPPON skim coat
558,913,Indoor,Swisstek Skim Coat
479,978,Outdoor,Tokyo plaster master
501,878,Outdoor,INSEE Skim cement Coat
768,895,Outdoor,INSEE Skim cement Coat
245,871,Outdoor,Tokyo plaster master
587,596,Indoor,NIPPOFLEX skim coat
777,962,Indoor,SF Skim Coat
670,618,Indoor,Multilac Skim Coat
355,843,Indoor,Multilac Skim Coat
663,884,Outdoor,INSEE Skim cement Coat
335,975,Outdoor,Tokyo plaster master
104,845,Indoor,Multilac Skim Coat
305,993,Indoor,Swisstek Skim Coat
232,671,Indoor,NIPPOFLEX skim coat
738,950,Outdoor,Tokyo plaster master
221,874,Indoor,SF Skim Coat
89,726,Indoor,NIPPON skim coat
439,960,Outdoor,Tokyo plaster master
279,650,Indoor,NIPPOFLEX skim coat
548,934,Outdoor,Tokyo plaster master
287,980,Outdoor,Tokyo plaster master
575,868,Indoor,SF Skim Coat
443,935,Outdoor,INSEE Skim cement Coat
688,723,Indoor,ASIANPAINT Skim Coat
248,980,Outdoor,INSEE Skim cement Coat
379,787,Indoor,NIPPON skim coat
471,988,Outdoor,Tokyo plaster master
788,698,Indoor,NIPPON skim coat
628,937,Outdoor,INSEE Skim cement Coat
569,855,Outdoor,INSEE Skim cement Coat
108,921,Outdoor,Tokyo plaster master
725,677,Indoor,NIPPON skim coat
797,938,Outdoor,INSEE Skim cement Coat
371,859,Indoor,SF Skim Coat
522,906,Indoor,SF Skim Coat
313,903,Indoor,INSEE Skim Coat
369,958,Indoor,SF Skim Coat
130,969,Indoor,INSEE Skim Coat
396,881,Outdoor,INSEE Skim cement Coat
687,736,Indoor,NIPPOFLEX skim coat
526,948,Outdoor,INSEE Skim cement Coat
198,738,Indoor,NIPPON skim coat
784,948,Indoor,INSEE Skim Coat
560,673,Indoor,NIPPOFLEX skim coat
331,703,Indoor,NIPPOFLEX skim coat
382,878,Outdoor,INSEE Skim cement Coat
504,902,Outdoor,INSEE Skim cement Coat
202,932,Outdoor,INSEE Skim cement Coat
235,796,Indoor,NIPPOFLEX skim coat
546,772,Indoor,ASIANPAINT Skim Coat
713,966,Outdoor,INSEE Skim cement Coat
273,900,Indoor,SF Skim Coat
254,917,Outdoor,Tokyo plaster master
628,664,Indoor,NIPPON skim coat
766,687,Indoor,Multilac Skim Coat
659,729,Indoor,NIPPON skim coat
551,619,Indoor,NIPPOFLEX skim coat
748,706,Indoor,Multilac Skim Coat
103,1020,Outdoor,Tokyo plaster master
129,886,Indoor,Multilac Skim Coat
490,984,Outdoor,Tokyo plaster master
303,980,Outdoor,Tokyo plaster master
507,929,Outdoor,Tokyo plaster master
294,900,Indoor,SF Skim Coat
89,1065,Outdoor,INSEE Skim cement Coat
477,890,Indoor,Swisstek Skim Coat
788,952,Outdoor,Tokyo plaster master
117,921,Outdoor,INSEE Skim cement Coat
235,857,Outdoor,INSEE Skim cement Coat
90,991,Outdoor,INSEE Skim cement Coat
157,940,Indoor,SF Skim Coat
516,925,Outdoor,Tokyo plaster master
145,1041,Outdoor,INSEE Skim cement Coat
411,660,Indoor,NIPPOFLEX skim coat
382,762,Indoor,ASIANPAINT Skim Coat
144,700,Indoor,NIPPON skim coat
111,847,Indoor,NIPPON skim coat
478,840,Indoor,Swisstek Skim Coat
282,826,Indoor,Swisstek Skim Coat
679,905,Outdoor,INSEE Skim cement Coat
210,844,Indoor,Multilac Skim Coat
769,896,Indoor,Swisstek Skim Coat
664,949,Indoor,SF Skim Coat
462,843,Indoor,NIPPON skim coat
594,986,Outdoor,Tokyo plaster master
582,885,Outdoor,INSEE Skim cement Coat
303,1000,Outdoor,INSEE Skim cement Coat
131,861,Indoor,Multilac Skim Coat
94,908,Outdoor,Tokyo plaster master
178,846,Indoor,SF Skim Coat
361,901,Indoor,Swisstek Skim Coat
560,612,Indoor,ASIANPAINT Skim Coat
665,652,Indoor,ASIANPAINT Skim Coat
219,958,Indoor,INSEE Skim Coat
520,727,Indoor,Multilac Skim Coat
735,988,Indoor,SF Skim Coat
742,866,Outdoor,Tokyo plaster master
201,663,Indoor,Multilac Skim Coat
97,1035,Outdoor,INSEE Skim cement Coat
417,720,Indoor,Multilac Skim Coat
234,920,Outdoor,INSEE Skim cement Coat
606,852,Indoor,INSEE Skim Coat
671,867,Outdoor,INSEE Skim cement Coat
530,884,Outdoor,Tokyo plaster master
458,824,Indoor,INSEE Skim Coat
103,956,Indoor,Swisstek Skim Coat
462,956,Outdoor,Tokyo plaster master
540,845,Indoor,INSEE Skim Coat
769,665,Indoor,NIPPOFLEX skim coat
116,888,Outdoor,Tokyo plaster master
675,860,Outdoor,INSEE Skim cement Coat
91,1043,Outdoor,Tokyo plaster master
281,953,Outdoor,Tokyo plaster master
279,880,Outdoor,Tokyo plaster master
604,923,Outdoor,Tokyo plaster master
376,982,Outdoor,Tokyo plaster master
649,725,Indoor,NIPPON skim coat
604,717,Indoor,NIPPOFLEX skim coat
645,965,Outdoor,Tokyo plaster master
212,878,Outdoor,Tokyo plaster master
331,981,Outdoor,Tokyo plaster master
433,795,Indoor,ASIANPAINT Skim Coat
487,850,Outdoor,INSEE Skim cement Coat
531,706,Indoor,Multilac Skim Coat
373,1000,Outdoor,Tokyo plaster master
467,997,Outdoor,INSEE Skim cement Coat
665,745,Indoor,ASIANPAINT Skim Coat
550,850,Outdoor,INSEE Skim cement Coat
627,919,Indoor,INSEE Skim Coat
205,685,Indoor,ASIANPAINT Skim Coat
436,811,Indoor,ASIANPAINT Skim Coat
763,910,Outdoor,INSEE Skim cement Coat
536,866,Outdoor,INSEE Skim cement Coat
207,775,Indoor,Multilac Skim Coat
694,998,Indoor,INSEE Skim Coat
269,662,Indoor,NIPPOFLEX skim coat
533,940,Outdoor,Tokyo plaster master
595,665,Indoor,Multilac Skim Coat
95,1027,Outdoor,INSEE Skim cement Coat
601,917,Outdoor,Tokyo plaster master
784,600,Indoor,Multilac Skim Coat
178,949,Indoor,INSEE Skim Coat
343,892,Outdoor,Tokyo plaster master
640,723,Indoor,ASIANPAINT Skim Coat
446,768,Indoor,ASIANPAINT Skim Coat
503,666,Indoor,NIPPON skim coat
609,928,Indoor,INSEE Skim Coat
494,936,Outdoor,INSEE Skim cement Coat
564,930,Outdoor,Tokyo plaster master
503,958,Outdoor,Tokyo plaster master
130,742,Indoor,NIPPOFLEX skim coat
686,604,Indoor,ASIANPAINT Skim Coat
306,969,Indoor,Swisstek Skim Coat
478,994,Indoor,INSEE Skim Coat
243,933,Outdoor,INSEE Skim cement Coat
255,675,Indoor,NIPPOFLEX skim coat
699,870,Outdoor,Tokyo plaster master
526,824,Outdoor,Tokyo plaster master
552,905,Outdoor,Tokyo plaster master
310,829,Indoor,Multilac Skim Coat
464,861,Indoor,INSEE Skim Coat
668,941,Outdoor,Tokyo plaster master
700,614,Indoor,NIPPOFLEX skim coat
304,752,Indoor,Multilac Skim Coat
726,955,Outdoor,INSEE Skim cement Coat
169,672,Indoor,NIPPON skim coat
235,966,Outdoor,INSEE Skim cement Coat
222,916,Outdoor,INSEE Skim cement Coat
795,883,Indoor,INSEE Skim Coat
283,857,Outdoor,Tokyo plaster master
787,858,Indoor,INSEE Skim Coat
152,678,Indoor,ASIANPAINT Skim Coat
518,600,Indoor,NIPPON skim coat
660,945,Indoor,SF Skim Coat
408,893,Outdoor,Tokyo plaster master
425,925,Outdoor,Tokyo plaster master
251,706,Indoor,Multilac Skim Coat
256,943,Outdoor,INSEE Skim cement Coat
340,680,Indoor,NIPPON skim coat
215,909,Indoor,Swisstek Skim Coat
449,990,Outdoor,Tokyo plaster master
526,854,Outdoor,Tokyo plaster master
257,964,Outdoor,INSEE Skim cement Coat
593,764,Indoor,NIPPON skim coat
371,840,Indoor,INSEE Skim Coat
162,983,Indoor,Swisstek Skim Coat
117,724,Indoor,ASIANPAINT Skim Coat
755,741,Indoor,ASIANPAINT Skim Coat
762,679,Indoor,NIPPON skim coat
514,964,Outdoor,Tokyo plaster master
729,963,Indoor,INSEE Skim Coat
197,955,Outdoor,INSEE Skim cement Coat
577,635,Indoor,Multilac Skim Coat
356,846,Indoor,NIPPON skim coat
372,772,Indoor,ASIANPAINT Skim Coat
558,950,Outdoor,INSEE Skim cement Coat
287,900,Outdoor,Tokyo plaster master
152,990,Outdoor,Tokyo plaster master
393,811,Indoor,Multilac Skim Coat
392,870,Outdoor,Tokyo plaster master
213,901,Indoor,Swisstek Skim Coat
279,933,Outdoor,Tokyo plaster master
148,905,Indoor,ASIANPAINT Skim Coat
273,827,Indoor,ASIANPAINT Skim Coat
148,846,Indoor,Multilac Skim Coat
396,825,Indoor,ASIANPAINT Skim Coat
408,894,Indoor,INSEE Skim Coat
556,863,Outdoor,INSEE Skim cement Coat
116,898,Outdoor,Tokyo plaster master
544,982,Indoor,INSEE Skim Coat
132,954,Outdoor,INSEE Skim cement Coat
470,857,Indoor,SF Skim Coat
722,679,Indoor,Multilac Skim Coat
336,875,Indoor,Swisstek Skim Coat
223,984,Indoor,INSEE Skim Coat
626,896,Outdoor,Tokyo plaster master
430,896,Outdoor,Tokyo plaster master
706,630,Indoor,NIPPOFLEX skim coat
686,824,Outdoor,Tokyo plaster master
370,780,Indoor,NIPPON skim coat
309,920,Outdoor,Tokyo plaster master
635,917,Outdoor,Tokyo plaster master
417,853,Indoor,SF Skim Coat
720,982,Indoor,INSEE Skim Coat
301,725,Indoor,NIPPON skim coat
231,821,Outdoor,Tokyo plaster master
277,710,Indoor,NIPPOFLEX skim coat
187,834,Indoor,NIPPON skim coat
297,896,Indoor,Swisstek Skim Coat
262,915,Outdoor,Tokyo plaster master
684,666,Indoor,NIPPON skim coat
212,686,Indoor,NIPPON skim coat
773,962,Outdoor,INSEE Skim cement Coat
613,616,Indoor,NIPPOFLEX skim coat
686,622,Indoor,ASIANPAINT Skim Coat
732,622,Indoor,NIPPON skim coat
537,827,Indoor,INSEE Skim Coat
595,761,Indoor,ASIANPAINT Skim Coat
593,830,Indoor,SF Skim Coat
375,750,Indoor,ASIANPAINT Skim Coat
676,905,Indoor,SF Skim Coat
562,687,Indoor,NIPPON skim coat
141,891,Indoor,Swisstek Skim Coat
235,836,Outdoor,Tokyo plaster master
547,840,Indoor,Swisstek Skim Coat
572,914,Outdoor,Tokyo plaster master
707,733,Indoor,NIPPOFLEX skim coat
112,977,Outdoor,INSEE Skim cement Coat
669,954,Outdoor,Tokyo plaster master
292,980,Outdoor,INSEE Skim cement Coat
525,885,Outdoor,Tokyo plaster master
270,910,Outdoor,Tokyo plaster master
147,850,Indoor,Swisstek Skim Coat
755,997,Outdoor,Tokyo plaster master
269,920,Outdoor,Tokyo plaster master
245,884,Indoor,INSEE Skim Coat
373,914,Outdoor,INSEE Skim cement Coat
277,911,Outdoor,INSEE Skim cement Coat
193,652,Indoor,Multilac Skim Coat
471,849,Outdoor,INSEE Skim cement Coat
547,942,Outdoor,Tokyo plaster master
428,688,Indoor,ASIANPAINT Skim Coat
269,993,Outdoor,INSEE Skim cement Coat
742,928,Outdoor,INSEE Skim cement Coat
405,982,Outdoor,Tokyo plaster master
397,988,Indoor,INSEE Skim Coat
331,890,Outdoor,INSEE Skim cement Coat
798,996,Outdoor,Tokyo plaster master
450,856,Outdoor,INSEE Skim cement Coat
626,637,Indoor,Multilac Skim Coat
563,655,Indoor,Multilac Skim Coat
799,603,Indoor,Multilac Skim Coat
253,992,Outdoor,INSEE Skim cement Coat
663,706,Indoor,NIPPOFLEX skim coat
606,667,Indoor,ASIANPAINT Skim Coat
292,834,Outdoor,Tokyo plaster master
171,978,Outdoor,INSEE Skim cement Coat
620,887,Outdoor,INSEE Skim cement Coat
403,867,Indoor,INSEE Skim Coat
480,982,Indoor,INSEE Skim Coat
84,944,Outdoor,INSEE Skim cement Coat
225,936,Outdoor,Tokyo plaster master
175,821,Outdoor,INSEE Skim cement Coat
301,973,Outdoor,INSEE Skim cement Coat
303,818,Indoor,NIPPOFLEX skim coat
201,962,Outdoor,INSEE Skim cement Coat
665,724,Indoor,NIPPOFLEX skim coat
401,958,Outdoor,INSEE Skim cement Coat
135,1029,Outdoor,INSEE Skim cement Coat
655,618,Indoor,ASIANPAINT Skim Coat
340,677,Indoor,NIPPON skim coat
262,974,Outdoor,INSEE Skim cement Coat
178,995,Outdoor,Tokyo plaster master
197,825,Indoor,INSEE Skim Coat
440,969,Indoor,INSEE Skim Coat
139,904,Indoor,INSEE Skim Coat
360,829,Indoor,NIPPOFLEX skim coat
667,924,Outdoor,Tokyo plaster master
409,953,Outdoor,INSEE Skim cement Coat
787,619,Indoor,NIPPON skim coat
112,935,Outdoor,Tokyo plaster master
428,674,Indoor,NIPPON skim coat
102,861,Indoor,NIPPON skim coat
108,922,Outdoor,Tokyo plaster master
90,885,Indoor,SF Skim Coat
260,771,Indoor,ASIANPAINT Skim Coat
129,998,Outdoor,Tokyo plaster master
390,992,Indoor,SF Skim Coat
411,852,Indoor,SF Skim Coat
762,822,Outdoor,Tokyo plaster master
592,922,Outdoor,Tokyo plaster master
83,863,Indoor,Multilac Skim Coat
415,913,Outdoor,Tokyo plaster master
732,897,Outdoor,INSEE Skim cement Coat
338,815,Indoor,NIPPOFLEX skim coat
586,955,Indoor,SF Skim Coat
653,704,Indoor,NIPPON skim coat
511,642,Indoor,NIPPON skim coat
93,980,Outdoor,Tokyo plaster master
431,999,Outdoor,Tokyo plaster master
666,656,Indoor,Multilac Skim Coat
709,936,Outdoor,Tokyo plaster master
113,766,Indoor,NIPPOFLEX skim coat
664,950,Outdoor,INSEE Skim cement Coat
311,924,Indoor,SF Skim Coat
406,867,Indoor,SF Skim Coat
378,966,Indoor,SF Skim Coat
604,967,Outdoor,INSEE Skim cement Coat
178,964,Outdoor,Tokyo plaster master
627,670,Indoor,ASIANPAINT Skim Coat
745,882,Indoor,SF Skim Coat
588,610,Indoor,Multilac Skim Coat
733,847,Outdoor,Tokyo plaster master
661,616,Indoor,NIPPON skim coat
95,1010,Outdoor,Tokyo plaster master
682,823,Outdoor,Tokyo plaster master
448,816,Indoor,ASIANPAINT Skim Coat
387,991,Outdoor,Tokyo plaster master
461,947,Outdoor,Tokyo plaster master
789,931,Indoor,Swisstek Skim Coat
712,881,Outdoor,Tokyo plaster master
436,820,Indoor,INSEE Skim Coat
552,923,Outdoor,Tokyo plaster master
303,994,Outdoor,INSEE Skim cement Coat
239,992,Outdoor,INSEE Skim cement Coat
285,839,Indoor,NIPPOFLEX skim coat
500,989,Outdoor,INSEE Skim cement Coat
694,947,Indoor,SF Skim Coat
722,866,Indoor,Swisstek Skim Coat
352,760,Indoor,NIPPON skim coat
250,809,Indoor,NIPPOFLEX skim coat
234,976,Outdoor,Tokyo plaster master
326,844,Outdoor,INSEE Skim cement Coat
585,869,Indoor,SF Skim Coat
127,1080,Outdoor,Tokyo plaster master
769,898,Outdoor,INSEE Skim cement Coat
260,904,Outdoor,INSEE Skim cement Coat
103,997,Outdoor,Tokyo plaster master
726,694,Indoor,NIPPON skim coat
415,887,Outdoor,Tokyo plaster master
281,731,Indoor,NIPPOFLEX skim coat
640,827,Outdoor,INSEE Skim cement Coat
730,957,Indoor,Swisstek Skim Coat
716,928,Outdoor,Tokyo plaster master
202,938,Indoor,INSEE Skim Coat
698,753,Indoor,ASIANPAINT Skim Coat
85,972,Outdoor,Tokyo plaster master
269,991,Outdoor,INSEE Skim cement Coat
504,973,Outdoor,Tokyo plaster master
201,942,Outdoor,INSEE Skim cement Coat
351,770,Indoor,ASIANPAINT Skim Coat
155,809,Indoor,NIPPOFLEX skim coat
336,921,Indoor,SF Skim Coat
681,788,Indoor,ASIANPAINT Skim Coat
780,887,Outdoor,Tokyo plaster master
423,961,Outdoor,INSEE Skim cement Coat
356,698,Indoor,NIPPON skim coat
677,831,Outdoor,Tokyo plaster master
557,996,Outdoor,INSEE Skim cement Coat
545,641,Indoor,ASIANPAINT Skim Coat
410,764,Indoor,ASIANPAINT Skim Coat
793,866,Outdoor,Tokyo plaster master
360,873,Indoor,INSEE Skim Coat
335,879,Outdoor,Tokyo plaster master
773,838,Outdoor,INSEE Skim cement Coat
182,715,Indoor,ASIANPAINT Skim Coat
116,957,Outdoor,INSEE Skim cement Coat
276,653,Indoor,Multilac Skim Coat
647,914,Indoor,Swisstek Skim Coat
756,925,Outdoor,Tokyo plaster master
314,873,Outdoor,Tokyo plaster master
277,902,Outdoor,INSEE Skim cement Coat
694,708,Indoor,NIPPON skim coat
726,627,Indoor,NIPPON skim coat
129,1014,Outdoor,INSEE Skim cement Coat
602,855,Outdoor,Tokyo plaster master
502,865,Indoor,INSEE Skim Coat
658,937,Outdoor,Tokyo plaster master
82,960,Outdoor,INSEE Skim cement Coat
85,905,Indoor,SF Skim Coat
692,701,Indoor,Multilac Skim Coat
141,794,Indoor,NIPPON skim coat
243,884,Outdoor,Tokyo plaster master
673,706,Indoor,Multilac Skim Coat
624,908,Indoor,INSEE Skim Coat
270,969,Outdoor,Tokyo plaster master
255,821,Indoor,ASIANPAINT Skim Coat
786,848,Outdoor,Tokyo plaster master
392,770,Indoor,Multilac Skim Coat
688,935,Indoor,INSEE Skim Coat
727,863,Outdoor,Tokyo plaster master
226,821,Indoor,INSEE Skim Coat
639,986,Indoor,INSEE Skim Coat
767,913,Outdoor,Tokyo plaster master
330,887,Indoor,SF Skim Coat
264,891,Outdoor,Tokyo plaster master
207,820,Indoor,NIPPOFLEX skim coat
151,911,Outdoor,Tokyo plaster master
389,853,Indoor,INSEE Skim Coat
168,982,Outdoor,INSEE Skim cement Coat
719,953,Outdoor,Tokyo plaster master
298,984,Outdoor,Tokyo plaster master
673,994,Outdoor,Tokyo plaster master
792,658,Indoor,NIPPOFLEX skim coat
418,663,Indoor,NIPPOFLEX skim coat
448,967,Outdoor,INSEE Skim cement Coat
256,927,Outdoor,Tokyo plaster master
263,912,Indoor,SF Skim Coat
493,753,Indoor,NIPPON skim coat
633,928,Outdoor,INSEE Skim cement Coat
743,986,Outdoor,INSEE Skim cement Coat
344,745,Indoor,Multilac Skim Coat
673,639,Indoor,NIPPOFLEX skim coat
386,987,Outdoor,Tokyo plaster master
727,711,Indoor,Multilac Skim Coat
361,986,Indoor,Swisstek Skim Coat
205,976,Outdoor,Tokyo plaster master
94,878,Indoor,Swisstek Skim Coat
179,957,Outdoor,INSEE Skim cement Coat
379,752,Indoor,NIPPOFLEX skim coat
506,873,Outdoor,Tokyo plaster master
788,703,Indoor,NIPPON skim coat
470,820,Indoor,Swisstek Skim Coat
555,862,Outdoor,Tokyo plaster master
706,867,Outdoor,Tokyo plaster master
419,864,Indoor,Swisstek Skim Coat
189,957,Outdoor,Tokyo plaster master
336,926,Outdoor,Tokyo plaster master
481,760,Indoor,Multilac Skim Coat
86,1050,Outdoor,INSEE Skim cement Coat
366,991,Indoor,INSEE Skim Coat
562,735,Indoor,ASIANPAINT Skim Coat
352,921,Indoor,INSEE Skim Coat
503,983,Outdoor,INSEE Skim cement Coat
493,897,Outdoor,Tokyo plaster master
146,948,Indoor,SF Skim Coat
434,968,Outdoor,Tokyo plaster master
396,945,Outdoor,INSEE Skim cement Coat
374,968,Outdoor,INSEE Skim cement Coat
104,883,Outdoor,Tokyo plaster master
221,965,Outdoor,INSEE Skim cement Coat
114,877,Indoor,Swisstek Skim Coat
588,841,Outdoor,Tokyo plaster master
784,938,Indoor,SF Skim Coat
460,820,Outdoor,Tokyo plaster master
353,898,Outdoor,Tokyo plaster master
194,952,Outdoor,Tokyo plaster master
731,884,Indoor,Swisstek Skim Coat
577,727,Indoor,Multilac Skim Coat
118,984,Outdoor,INSEE Skim cement Coat
256,970,Outdoor,INSEE Skim cement Coat
572,916,Outdoor,Tokyo plaster master
249,941,Indoor,INSEE Skim Coat
161,892,Outdoor,INSEE Skim cement Coat
237,956,Outdoor,INSEE Skim cement Coat
481,724,Indoor,ASIANPAINT Skim Coat
530,907,Indoor,INSEE Skim Coat
500,918,Indoor,SF Skim Coat
471,818,Indoor,ASIANPAINT Skim Coat
196,991,Indoor,SF Skim Coat
309,915,Outdoor,Tokyo plaster master
511,968,Indoor,INSEE Skim Coat
605,633,Indoor,NIPPON skim coat
697,884,Outdoor,Tokyo plaster master
314,973,Outdoor,INSEE Skim cement Coat
81,1078,Outdoor,INSEE Skim cement Coat
460,895,Outdoor,INSEE Skim cement Coat
331,906,Indoor,SF Skim Coat
392,969,Outdoor,Tokyo plaster master
323,889,Indoor,SF Skim Coat
211,828,Indoor,Swisstek Skim Coat
466,725,Indoor,NIPPOFLEX skim coat
651,875,Outdoor,INSEE Skim cement Coat
475,791,Indoor,Multilac Skim Coat
575,1000,Outdoor,Tokyo plaster master
429,887,Outdoor,INSEE Skim cement Coat
507,687,Indoor,NIPPOFLEX skim coat
507,925,Indoor,INSEE Skim Coat
253,919,Indoor,Swisstek Skim Coat
344,906,Outdoor,INSEE Skim cement Coat
706,674,Indoor,NIPPOFLEX skim coat
242,947,Outdoor,Tokyo plaster master
592,865,Outdoor,Tokyo plaster master
439,927,Outdoor,INSEE Skim cement Coat
670,862,Outdoor,Tokyo plaster master
719,860,Outdoor,Tokyo plaster master
740,609,Indoor,NIPPOFLEX skim coat
202,894,Outdoor,Tokyo plaster master
201,883,Indoor,SF Skim Coat
409,708,Indoor,NIPPOFLEX skim coat
718,966,Indoor,SF Skim Coat
556,688,Indoor,NIPPON skim coat
551,698,Indoor,Multilac Skim Coat
136,856,Indoor,NIPPON skim coat
795,864,Indoor,SF Skim Coat
450,939,Outdoor,Tokyo plaster master
219,888,Indoor,INSEE Skim Coat
365,887,Outdoor,INSEE Skim cement Coat
280,943,Outdoor,Tokyo plaster master
147,1053,Outdoor,INSEE Skim cement Coat
500,969,Outdoor,Tokyo plaster master
306,842,Indoor,NIPPON skim coat
482,835,Indoor,NIPPON skim coat
583,919,Indoor,SF Skim Coat
228,977,Outdoor,INSEE Skim cement Coat
664,715,Indoor,NIPPON skim coat
373,965,Indoor,Swisstek Skim Coat
641,917,Outdoor,INSEE Skim cement Coat
773,982,Outdoor,Tokyo plaster master
260,702,Indoor,NIPPON skim coat
780,935,Outdoor,INSEE Skim cement Coat
283,914,Outdoor,INSEE Skim cement Coat
790,917,Outdoor,INSEE Skim cement Coat
717,613,Indoor,NIPPOFLEX skim coat
704,993,Outdoor,INSEE Skim cement Coat
205,864,Outdoor,INSEE Skim cement Coat
651,930,Outdoor,Tokyo plaster master
454,771,Indoor,Multilac Skim Coat
104,986,Outdoor,Tokyo plaster master
242,915,Outdoor,INSEE Skim cement Coat
196,714,Indoor,NIPPON skim coat
426,990,Outdoor,INSEE Skim cement Coat
515,938,Outdoor,INSEE Skim cement Coat
304,833,Indoor,SF Skim Coat
651,883,Indoor,INSEE Skim Coat
270,995,Outdoor,INSEE Skim cement Coat
483,948,Outdoor,Tokyo plaster master
356,876,Indoor,SF Skim Coat
313,789,Indoor,NIPPOFLEX skim coat
606,882,Outdoor,Tokyo plaster master
335,838,Outdoor,INSEE Skim cement Coat
527,973,Outdoor,Tokyo plaster master
278,993,Indoor,Swisstek Skim Coat
416,765,Indoor,NIPPOFLEX skim coat
344,685,Indoor,ASIANPAINT Skim Coat
129,776,Indoor,Multilac Skim Coat
574,995,Outdoor,INSEE Skim cement Coat
494,935,Outdoor,INSEE Skim cement Coat
246,882,Outdoor,Tokyo plaster master
458,888,Outdoor,Tokyo plaster master
744,923,Outdoor,Tokyo plaster master
217,671,Indoor,NIPPON skim coat
634,937,Outdoor,Tokyo plaster master
423,786,Indoor,NIPPOFLEX skim coat
270,899,Indoor,INSEE Skim Coat
483,738,Indoor,Multilac Skim Coat
494,984,Outdoor,INSEE Skim cement Coat
138,790,Indoor,ASIANPAINT Skim Coat
95,922,Indoor,Swisstek Skim Coat
533,683,Indoor,NIPPON skim coat
466,934,Outdoor,Tokyo plaster master
140,1010,Outdoor,Tokyo plaster master
636,947,Outdoor,INSEE Skim cement Coat
167,662,Indoor,Multilac Skim Coat
685,904,Outdoor,Tokyo plaster master
756,727,Indoor,NIPPOFLEX skim coat
534,903,Outdoor,INSEE Skim cement Coat
680,656,Indoor,NIPPON skim coat
152,906,Indoor,Swisstek Skim Coat
166,769,Indoor,Multilac Skim Coat
295,982,Outdoor,INSEE Skim cement Coat
342,946,Outdoor,INSEE Skim cement Coat
410,687,Indoor,ASIANPAINT Skim Coat
624,629,Indoor,NIPPON skim coat
233,920,Indoor,Swisstek Skim Coat
362,905,Outdoor,Tokyo plaster master
113,945,Indoor,INSEE Skim Coat
97,970,Indoor,SF Skim Coat
143,882,Outdoor,INSEE Skim cement Coat
517,901,Outdoor,INSEE Skim cement Coat
465,838,Indoor,Swisstek Skim Coat
90,797,Indoor,Multilac Skim Coat
232,958,Outdoor,INSEE Skim cement Coat
290,799,Indoor,Multilac Skim Coat
455,926,Indoor,Swisstek Skim Coat
334,925,Indoor,SF Skim Coat
553,863,Outdoor,INSEE Skim cement Coat
695,922,Indoor,SF Skim Coat
732,960,Outdoor,INSEE Skim cement Coat
419,973,Outdoor,INSEE Skim cement Coat
416,705,Indoor,NIPPOFLEX skim coat
92,896,Outdoor,Tokyo plaster master
540,606,Indoor,Multilac Skim Coat
433,799,Indoor,ASIANPAINT Skim Coat
342,979,Indoor,INSEE Skim Coat
92,831,Indoor,Multilac Skim Coat
486,938,Outdoor,Tokyo plaster master
348,913,Outdoor,INSEE Skim cement Coat
546,962,Outdoor,INSEE Skim cement Coat
205,985,Outdoor,Tokyo plaster master
403,939,Outdoor,Tokyo plaster master
484,977,Outdoor,INSEE Skim cement Coat
134,999,Outdoor,Tokyo plaster master
115,964,Outdoor,Tokyo plaster master
221,920,Indoor,SF Skim Coat
80,863,Indoor,ASIANPAINT Skim Coat
329,999,Outdoor,INSEE Skim cement Coat
136,909,Outdoor,Tokyo plaster master
368,945,Outdoor,Tokyo plaster master
153,682,Indoor,NIPPON skim coat
348,950,Outdoor,INSEE Skim cement Coat
437,923,Outdoor,INSEE Skim cement Coat
419,722,Indoor,Multilac Skim Coat
743,706,Indoor,ASIANPAINT Skim Coat
217,998,Indoor,Swisstek Skim Coat
227,849,Indoor,Multilac Skim Coat
716,886,Outdoor,Tokyo plaster master
675,620,Indoor,NIPPOFLEX skim coat
656,885,Outdoor,Tokyo plaster master
487,719,Indoor,Multilac Skim Coat
467,889,Indoor,Swisstek Skim Coat
129,929,Outdoor,INSEE Skim cement Coat
142,952,Outdoor,INSEE Skim cement Coat
452,982,Outdoor,Tokyo plaster master
709,922,Indoor,INSEE Skim Coat
712,896,Outdoor,Tokyo plaster master
251,871,Outdoor,INSEE Skim cement Coat
569,883,Outdoor,INSEE Skim cement Coat
621,864,Indoor,Swisstek Skim Coat
475,881,Outdoor,Tokyo plaster master
744,942,Indoor,INSEE Skim Coat
722,855,Indoor,INSEE Skim Coat
358,795,Indoor,NIPPOFLEX skim coat
777,878,Outdoor,Tokyo plaster master
656,927,Indoor,SF Skim Coat
320,959,Indoor,SF Skim Coat
241,972,Outdoor,INSEE Skim cement Coat
558,982,Outdoor,INSEE Skim cement Coat
252,839,Indoor,NIPPOFLEX skim coat
467,918,Outdoor,INSEE Skim cement Coat
290,985,Outdoor,INSEE Skim cement Coat
228,983,Outdoor,INSEE Skim cement Coat
633,884,Outdoor,INSEE Skim cement Coat
396,761,Indoor,NIPPON skim coat
727,852,Indoor,SF Skim Coat
454,806,Indoor,NIPPON skim coat
573,715,Indoor,NIPPOFLEX skim coat
752,937,Outdoor,INSEE Skim cement Coat
788,708,Indoor,NIPPOFLEX skim coat
468,939,Indoor,INSEE Skim Coat
354,853,Indoor,SF Skim Coat
101,994,Outdoor,INSEE Skim cement Coat
464,810,Indoor,NIPPON skim coat
213,864,Outdoor,Tokyo plaster master
329,949,Outdoor,Tokyo plaster master
116,1006,Outdoor,INSEE Skim cement Coat
673,956,Outdoor,INSEE Skim cement Coat
172,989,Indoor,INSEE Skim Coat
532,985,Outdoor,INSEE Skim cement Coat
110,980,Outdoor,INSEE Skim cement Coat
746,880,Indoor,Swisstek Skim Coat
123,865,Indoor,NIPPON skim coat
529,887,Outdoor,Tokyo plaster master
239,842,Indoor,INSEE Skim Coat
123,997,Outdoor,Tokyo plaster master
525,892,Outdoor,INSEE Skim cement Coat
174,915,Indoor,SF Skim Coat
395,977,Outdoor,INSEE Skim cement Coat
287,746,Indoor,NIPPON skim coat
706,710,Indoor,NIPPON skim coat
424,694,Indoor,NIPPOFLEX skim coat
624,909,Outdoor,INSEE Skim cement Coat
186,746,Indoor,NIPPOFLEX skim coat
778,615,Indoor,NIPPOFLEX skim coat
639,875,Indoor,SF Skim Coat
390,973,Outdoor,INSEE Skim cement Coat
504,849,Indoor,INSEE Skim Coat
285,879,Outdoor,INSEE Skim cement Coat
397,729,Indoor,Multilac Skim Coat
671,925,Outdoor,Tokyo plaster master
299,800,Indoor,ASIANPAINT Skim Coat
579,848,Indoor,Swisstek Skim Coat
617,651,Indoor,NIPPOFLEX skim coat
399,917,Outdoor,Tokyo plaster master
488,949,Indoor,SF Skim Coat
285,739,Indoor,Multilac Skim Coat
504,831,Indoor,Swisstek Skim Coat
568,914,Indoor,INSEE Skim Coat
370,703,Indoor,ASIANPAINT Skim Coat
678,980,Outdoor,Tokyo plaster master
346,967,Outdoor,INSEE Skim cement Coat
183,998,Indoor,Swisstek Skim Coat
489,754,Indoor,NIPPON skim coat
501,947,Outdoor,Tokyo plaster master
473,857,Indoor,Swisstek Skim Coat
620,682,Indoor,NIPPOFLEX skim coat
556,645,Indoor,NIPPON skim coat
363,886,Indoor,SF Skim Coat
403,839,Indoor,SF Skim Coat
104,891,Outdoor,INSEE Skim cement Coat
110,965,Outdoor,Tokyo plaster master
563,900,Indoor,INSEE Skim Coat
98,948,Outdoor,INSEE Skim cement Coat
662,954,Outdoor,INSEE Skim cement Coat
771,751,Indoor,NIPPOFLEX skim coat
623,987,Outdoor,INSEE Skim cement Coat
720,667,Indoor,ASIANPAINT Skim Coat
189,989,Outdoor,Tokyo plaster master
598,864,Indoor,INSEE Skim Coat
721,593,Indoor,NIPPON skim coat
582,864,Outdoor,Tokyo plaster master
499,940,Outdoor,Tokyo plaster master
333,959,Outdoor,INSEE Skim cement Coat
514,898,Outdoor,Tokyo plaster master
753,991,Outdoor,INSEE Skim cement Coat
236,882,Outdoor,Tokyo plaster master
445,931,Outdoor,INSEE Skim cement Coat
739,875,Outdoor,INSEE Skim cement Coat
768,846,Indoor,Swisstek Skim Coat
417,953,Outdoor,INSEE Skim cement Coat
378,949,Outdoor,INSEE Skim cement Coat
90,902,Indoor,Swisstek Skim Coat
232,908,Outdoor,Tokyo plaster master
719,670,Indoor,Multilac Skim Coat
188,725,Indoor,NIPPON skim coat
139,901,Indoor,Multilac Skim Coat
111,878,Indoor,Multilac Skim Coat
678,998,Outdoor,Tokyo plaster master
795,651,Indoor,NIPPOFLEX skim coat
542,947,Indoor,INSEE Skim Coat
552,978,Outdoor,Tokyo plaster master
780,731,Indoor,ASIANPAINT Skim Coat
383,984,Outdoor,Tokyo plaster master
393,997,Outdoor,Tokyo plaster master
519,821,Outdoor,Tokyo plaster master
283,914,Outdoor,Tokyo plaster master
758,949,Indoor,SF Skim Coat
175,925,Outdoor,Tokyo plaster master
200,938,Outdoor,INSEE Skim cement Coat
760,867,Indoor,SF Skim Coat
272,697,Indoor,ASIANPAINT Skim Coat
598,775,Indoor,NIPPON skim coat
548,754,Indoor,Multilac Skim Coat
475,893,Outdoor,Tokyo plaster master
161,959,Outdoor,INSEE Skim cement Coat
751,926,Indoor,Swisstek Skim Coat
464,915,Outdoor,Tokyo plaster master
372,950,Indoor,Swisstek Skim Coat
252,939,Outdoor,Tokyo plaster master
682,875,Outdoor,INSEE Skim cement Coat
626,925,Outdoor,INSEE Skim cement Coat
111,951,Outdoor,INSEE Skim cement Coat
172,937,Outdoor,INSEE Skim cement Coat
630,628,Indoor,NIPPOFLEX skim coat
400,671,Indoor,NIPPON skim coat
777,701,Indoor,Multilac Skim Coat
210,866,Indoor,Swisstek Skim Coat
729,929,Outdoor,Tokyo plaster master
740,760,Indoor,ASIANPAINT Skim Coat
634,707,Indoor,NIPPON skim coat
101,885,Indoor,NIPPON skim coat
651,886,Indoor,INSEE Skim Coat
625,922,Indoor,SF Skim Coat
271,980,Outdoor,Tokyo plaster master
456,794,Indoor,NIPPOFLEX skim coat
586,643,Indoor,Multilac Skim Coat
618,951,Indoor,SF Skim Coat
173,991,Indoor,SF Skim Coat
124,782,Indoor,NIPPON skim coat
577,980,Outdoor,INSEE Skim cement Coat
573,790,Indoor,NIPPON skim coat
785,875,Outdoor,Tokyo plaster master
582,965,Outdoor,Tokyo plaster master
684,910,Outdoor,Tokyo plaster master
304,941,Outdoor,INSEE Skim cement Coat
431,993,Outdoor,Tokyo plaster master
648,838,Outdoor,Tokyo plaster master
253,957,Outdoor,Tokyo plaster master
276,924,Outdoor,Tokyo plaster master
772,904,Outdoor,Tokyo plaster master
350,993,Outdoor,INSEE Skim cement Coat
175,837,Indoor,INSEE Skim Coat
573,873,Indoor,SF Skim Coat
333,668,Indoor,Multilac Skim Coat
483,936,Outdoor,INSEE Skim cement Coat
798,641,Indoor,Multilac Skim Coat
514,670,Indoor,NIPPON skim coat
732,986,Outdoor,Tokyo plaster master
227,739,Indoor,Multilac Skim Coat
734,885,Outdoor,Tokyo plaster master
124,909,Indoor,Multilac Skim Coat
156,948,Outdoor,Tokyo plaster master
293,951,Outdoor,Tokyo plaster master
448,802,Indoor,NIPPON skim coat
528,648,Indoor,ASIANPAINT Skim Coat
504,907,Outdoor,INSEE Skim cement Coat
532,922,Indoor,Swisstek Skim Coat
674,929,Indoor,SF Skim Coat
760,654,Indoor,ASIANPAINT Skim Coat
95,958,Indoor,SF Skim Coat
267,904,Outdoor,Tokyo plaster master
196,988,Outdoor,Tokyo plaster master
611,855,Outdoor,Tokyo plaster master
608,913,Outdoor,INSEE Skim cement Coat
110,949,Indoor,Swisstek Skim Coat
435,956,Outdoor,Tokyo plaster master
254,804,Indoor,Multilac Skim Coat
503,895,Indoor,SF Skim Coat
381,971,Outdoor,INSEE Skim cement Coat
386,759,Indoor,NIPPOFLEX skim coat
628,922,Outdoor,Tokyo plaster master
480,847,Indoor,Multilac Skim Coat
443,715,Indoor,NIPPON skim coat
514,904,Outdoor,Tokyo plaster master
407,755,Indoor,Multilac Skim Coat
421,760,Indoor,ASIANPAINT Skim Coat
225,830,Indoor,ASIANPAINT Skim Coat
444,866,Outdoor,INSEE Skim cement Coat
513,876,Outdoor,INSEE Skim cement Coat
761,869,Outdoor,INSEE Skim cement Coat
446,862,Indoor,INSEE Skim Coat
443,944,Indoor,SF Skim Coat
747,676,Indoor,NIPPOFLEX skim coat
559,905,Indoor,SF Skim Coat
554,887,Indoor,Swisstek Skim Coat
180,1000,Outdoor,Tokyo plaster master
667,901,Outdoor,INSEE Skim cement Coat
496,846,Indoor,Swisstek Skim Coat
519,935,Indoor,SF Skim Coat
552,998,Outdoor,INSEE Skim cement Coat
598,958,Outdoor,INSEE Skim cement Coat
582,847,Indoor,INSEE Skim Coat
632,933,Outdoor,Tokyo plaster master
555,926,Outdoor,INSEE Skim cement Coat
605,878,Outdoor,Tokyo plaster master
601,910,Outdoor,INSEE Skim cement Coat
679,974,Outdoor,INSEE Skim cement Coat
419,663,Indoor,ASIANPAINT Skim Coat
800,747,Indoor,ASIANPAINT Skim Coat
585,868,Outdoor,INSEE Skim cement Coat
401,909,Indoor,Swisstek Skim Coat
647,749,Indoor,ASIANPAINT Skim Coat
752,947,Outdoor,Tokyo plaster master
167,710,Indoor,ASIANPAINT Skim Coat
626,977,Outdoor,Tokyo plaster master
145,877,Outdoor,INSEE Skim cement Coat
389,966,Outdoor,Tokyo plaster master
263,922,Indoor,INSEE Skim Coat
165,877,Indoor,INSEE Skim Coat
230,995,Outdoor,Tokyo plaster master
184,797,Indoor,ASIANPAINT Skim Coat
399,910,Outdoor,INSEE Skim cement Coat
613,618,Indoor,NIPPON skim coat
366,989,Outdoor,INSEE Skim cement Coat
346,955,Outdoor,INSEE Skim cement Coat
382,852,Outdoor,INSEE Skim cement Coat
298,741,Indoor,NIPPON skim coat
368,980,Indoor,INSEE Skim Coat
231,731,Indoor,Multilac Skim Coat
99,715,Indoor,NIPPOFLEX skim coat
740,820,Outdoor,Tokyo plaster master
614,906,Outdoor,Tokyo plaster master
189,946,Indoor,INSEE Skim Coat
708,924,Outdoor,INSEE Skim cement Coat
401,929,Indoor,INSEE Skim Coat
509,947,Outdoor,Tokyo plaster master
219,826,Outdoor,Tokyo plaster master
176,742,Indoor,ASIANPAINT Skim Coat
597,928,Outdoor,Tokyo plaster master
461,752,Indoor,NIPPON skim coat
133,1010,Outdoor,Tokyo plaster master
140,891,Indoor,NIPPOFLEX skim coat
300,892,Indoor,INSEE Skim Coat
515,689,Indoor,Multilac Skim Coat
724,975,Indoor,Swisstek Skim Coat
236,686,Indoor,NIPPON skim coat
586,937,Indoor,Swisstek Skim Coat
518,876,Outdoor,Tokyo plaster master
775,927,Outdoor,Tokyo plaster master
249,980,Outdoor,INSEE Skim cement Coat
588,759,Indoor,NIPPON skim coat
764,627,Indoor,ASIANPAINT Skim Coat
317,932,Outdoor,Tokyo plaster master
342,917,Outdoor,INSEE Skim cement Coat
366,734,Indoor,NIPPON skim coat
500,996,Outdoor,INSEE Skim cement Coat
350,809,Indoor,NIPPOFLEX skim coat
712,833,Outdoor,INSEE Skim cement Coat
358,895,Indoor,INSEE Skim Coat
94,927,Outdoor,Tokyo plaster master
167,945,Outdoor,Tokyo plaster master
532,931,Outdoor,Tokyo plaster master
170,934,Indoor,INSEE Skim Coat
564,997,Indoor,SF Skim Coat
518,617,Indoor,Multilac Skim Coat
366,998,Outdoor,INSEE Skim cement Coat
401,956,Outdoor,INSEE Skim cement Coat
259,885,Outdoor,Tokyo plaster master
754,785,Indoor,NIPPOFLEX skim coat
