terrain,distance_km,material_tons,wall_length_m,wall_height_m,fuel_liters,labor_hours,total_cost,vehicle_count
1,38.14,21.09,12.95,3.07,63.36,295.33,164926,1
1,18.54,44.59,10.92,0.84,104.02,465.96,317060,2
1,49.38,26.67,35.26,3.61,83.58,523.1,238145,2
1,24.13,5.12,21.71,3.67,31.76,203.78,66944,1
1,43.4,13.1,40.25,3.29,56.08,396.55,145318,1
0,30.98,41.42,16.66,4.38,98.12,558.41,319721,2
0,12.69,48.38,40.16,2.69,104.64,701.99,382818,2
1,6.34,27.61,35.33,3.28,64.37,502.14,239564,1
1,22.8,29.85,19.25,3.45,75.78,434.46,236433,1
0,31.03,32.87,23.83,0.54,81.45,344.22,234139,2
0,42.28,44.92,46.15,3.24,108.55,753.18,375518,2
0,42.62,44.76,29.49,5.7,108.91,781.16,380708,2
1,5.04,30.68,24.32,3.78,69.72,487.57,251763,1
1,6.74,11.1,39.73,2.0,30.94,267.81,109311,1
0,3.22,28.74,45.5,3.21,58.89,578.46,260042,1
0,30.71,28.84,19.56,2.22,73.58,375.08,219238,1
0,48.09,9.33,6.19,1.26,44.18,97.74,66221,1
1,31.41,41.81,3.5,0.43,103.65,426.19,294450,2
1,2.93,5.14,49.41,1.2,14.7,176.28,61914,1
0,35.19,10.25,38.37,4.73,38.74,467.97,145386,1
1,6.74,46.08,33.28,0.08,98.73,456.38,322671,2
1,32.8,19.49,32.88,0.92,59.58,250.24,147678,1
1,37.21,27.26,6.74,4.57,75.4,334.99,204087,1
1,29.92,44.61,42.69,0.79,107.95,521.27,328252,2
0,1.07,9.7,16.72,1.44,18.67,141.45,77686,1
1,2.55,43.6,28.37,4.63,93.17,695.8,357325,2
1,35.37,22.37,44.25,5.45,67.41,705.99,253187,1
1,16.97,41.9,2.49,4.94,99.33,442.76,298713,2
0,42.03,6.61,0.74,5.7,34.09,74.74,48012,1
0,49.03,33.82,30.6,1.14,91.12,405.87,250583,2
1,34.74,9.19,23.78,5.54,40.46,354.63,117911,1
1,40.19,5.88,12.82,3.92,38.04,152.75,60167,1
0,14.64,1.03,2.03,4.09,4.86,22.57,10624,1
0,42.47,48.06,30.38,2.97,115.99,656.7,372085,2
1,43.7,9.0,18.78,1.75,45.88,158.77,77199,1
1,36.21,16.98,31.03,0.25,59.98,197.45,124786,1
1,20.34,27.47,14.67,2.87,70.15,360.48,209729,1
0,15.83,41.79,14.96,0.65,89.37,435.21,296337,2
1,7.09,5.89,24.89,0.23,18.77,76.91,45091,1
0,31.71,18.84,48.73,3.83,54.31,562.52,207471,1
0,4.0,0.49,19.69,3.11,0.78,129.21,28890,1
0,21.73,18.48,49.42,1.57,48.19,334.74,159715,1
0,4.13,43.19,35.1,5.42,85.58,814.63,378997,2
1,20.5,10.44,2.11,5.69,36.37,131.16,78734,1
1,19.52,27.36,7.57,5.93,70.61,363.08,209931,1
1,44.01,24.82,45.85,1.93,74.29,425.24,209934,1
0,27.6,46.57,0.49,4.23,106.91,465.47,326273,2
0,26.73,43.74,30.13,0.94,99.63,496.92,318807,2
1,4.25,4.32,43.44,0.24,15.85,65.47,34809,1
1,17.2,8.12,7.44,3.94,32.17,138.66,69354,1
0,29.12,33.96,40.26,4.55,85.79,705.47,311821,2
0,15.19,45.07,20.89,5.84,100.76,683.65,362702,2
0,42.71,39.92,32.85,0.0,102.18,404.61,280782,2
1,4.22,43.01,47.15,1.82,90.08,606.7,336553,2
0,32.41,6.45,14.35,4.98,29.61,207.89,74255,1
0,25.1,43.18,35.86,4.04,102.32,733.51,363023,2
0,30.98,19.4,2.35,2.83,54.59,208.35,139302,1
0,31.87,5.35,27.46,2.08,24.06,173.52,61956,1
0,44.18,30.54,23.36,3.79,82.63,484.66,250330,2
1,39.64,6.44,45.59,4.8,41.22,497.0,132397,1
0,26.43,39.3,9.46,4.69,88.65,484.6,293886,2
1,39.69,3.86,2.23,5.61,28.28,64.55,33277,1
0,12.25,38.84,44.23,3.76,81.37,720.92,338903,2
1,47.33,7.37,44.59,2.53,44.22,300.51,97116,1
0,21.34,7.89,47.73,4.75,24.56,534.51,146860,1
1,36.4,4.02,3.52,2.16,33.06,56.25,31459,1
0,41.13,3.62,44.67,1.25,28.64,155.06,50072,1
0,37.65,14.73,34.47,5.6,48.4,536.11,181336,1
0,24.36,35.4,12.91,0.17,83.45,362.75,250533,2
1,15.52,43.93,27.66,1.96,99.94,546.59,329614,2
1,8.66,44.89,47.28,4.83,98.51,909.04,407130,2
0,15.26,21.05,2.31,0.79,50.53,214.41,148206,1
0,21.59,27.58,37.04,0.85,63.44,342.11,206408,1
0,22.8,18.53,47.45,0.35,46.71,221.34,137663,1
1,22.62,18.64,47.62,0.55,53.97,240.99,141612,1
0,39.99,22.36,19.94,4.61,63.34,409.02,194068,1
1,46.92,7.21,23.12,3.82,41.54,249.09,85969,1
1,31.32,0.49,14.93,4.61,19.91,138.01,30311,1
1,35.61,23.62,33.91,4.56,70.42,553.88,229262,1
0,6.92,44.2,2.03,1.54,89.26,447.17,310839,2
1,6.0,12.71,14.17,4.53,35.68,251.83,114052,1
0,39.82,15.35,16.99,3.18,50.64,272.79,131475,1
0,21.33,14.56,25.99,3.44,38.07,320.0,137220,1
1,37.33,45.21,13.93,2.65,113.09,524.8,331236,2
0,19.69,29.59,6.98,4.01,67.65,356.37,219649,1
0,24.36,34.77,15.91,3.91,83.29,473.68,269349,2
1,3.57,31.09,1.28,2.83,69.18,317.69,219627,1
0,34.66,4.16,47.47,5.55,24.15,571.42,135202,1
0,49.98,43.67,34.98,4.36,112.82,749.98,368640,2
0,6.17,23.1,16.51,1.01,45.52,269.39,169823,1
0,22.92,35.47,26.21,0.78,84.23,392.7,256698,2
1,21.94,24.65,36.49,4.77,64.02,595.87,243251,1
0,45.39,1.76,31.66,5.23,24.06,354.99,80491,1
0,12.42,14.95,4.33,5.21,36.14,186.03,112860,1
1,21.16,2.79,34.84,3.99,19.66,300.87,74976,1
1,29.47,24.56,35.21,1.29,68.8,337.93,190652,1
1,1.19,32.77,7.02,4.72,68.89,381.93,240742,1
0,23.23,17.04,5.12,5.3,46.19,220.43,129752,1
1,13.52,26.15,9.51,0.48,65.32,267.27,185161,1
0,13.31,36.48,15.07,3.1,77.9,462.04,275700,1
0,3.18,46.72,3.62,2.77,94.93,485.72,331572,2
1,48.97,23.08,5.91,0.49,78.42,241.54,164231,1
0,22.59,3.95,21.35,4.53,19.47,231.69,66272,1
0,25.01,6.49,43.55,5.61,24.58,558.37,144694,1
1,30.89,39.47,35.55,4.66,97.17,725.54,343207,2
1,14.35,0.93,30.74,4.27,15.0,276.39,60251,1
1,44.11,49.86,0.32,3.21,126.2,501.35,350063,3
1,6.79,36.89,17.95,4.05,81.33,507.26,286228,2
0,4.17,15.45,16.37,2.24,30.36,228.65,123120,1
0,28.1,16.46,29.27,0.15,48.35,177.03,118705,1
0,26.01,3.92,38.25,4.69,21.25,391.57,98626,1
0,12.53,6.69,11.68,2.31,18.82,119.18,57796,1
0,31.18,1.4,29.81,2.94,16.57,201.05,47778,1
0,33.38,24.79,47.67,2.89,64.75,532.36,230687,1
0,30.61,35.2,41.08,4.71,85.18,740.14,324067,2
1,36.6,48.09,17.16,2.65,119.04,564.61,353738,2
1,33.91,15.31,17.82,3.24,52.45,265.73,129818,1
1,31.76,1.33,2.25,1.35,23.12,17.85,10383,1
1,48.63,21.19,44.62,1.3,69.97,329.78,172187,1
1,36.68,39.29,20.43,0.06,103.83,391.44,275661,2
1,38.2,28.28,6.13,5.72,81.78,358.11,213758,2
0,4.9,11.95,41.41,1.06,31.07,203.12,101291,1
0,37.4,41.93,28.07,4.31,98.97,665.68,342892,2
1,35.8,30.79,2.0,2.04,84.33,311.21,216932,2
0,25.32,17.98,33.58,2.75,47.43,364.35,163541,1
1,17.54,40.19,47.22,0.09,92.53,409.62,283454,2
0,38.87,28.57,13.12,4.12,73.5,395.99,222461,1
1,25.3,1.13,37.0,0.21,18.8,20.85,10714,1
1,49.75,38.13,38.13,3.1,103.27,623.93,315792,2
0,6.68,49.09,40.24,5.66,101.66,953.89,436773,2
1,8.96,43.42,7.65,5.08,97.45,505.93,318438,2
0,47.66,18.22,31.29,1.94,60.82,296.97,150668,1
0,39.63,28.47,22.09,2.05,79.95,375.74,218429,1
1,37.62,9.46,27.44,2.54,43.9,233.04,94181,1
0,33.28,7.95,5.5,3.02,33.33,106.2,61762,1
1,14.02,14.32,21.44,5.95,39.68,386.49,149548,1
1,49.51,9.58,39.13,4.75,50.78,460.64,140287,1
1,18.69,47.48,28.08,2.47,106.58,607.58,359249,2
0,18.75,49.08,7.93,1.17,105.64,515.5,348519,2
0,29.01,12.18,9.26,4.55,36.58,209.21,102984,1
1,43.32,44.76,40.52,0.6,117.0,501.21,324208,2
1,32.1,47.03,12.63,5.29,115.51,597.14,354770,2
1,2.48,0.65,12.53,4.57,4.92,126.67,29324,1
1,35.16,41.15,29.13,2.13,102.54,532.89,312713,2
1,41.28,19.96,46.05,0.81,69.05,279.1,156089,1
0,4.4,35.89,33.57,2.83,72.47,557.72,291971,1
0,16.43,45.27,49.22,4.59,98.29,911.9,409339,2
0,20.81,15.37,2.99,0.75,42.67,162.45,109997,1
0,36.76,26.03,41.17,4.15,69.8,597.33,249800,1
1,40.21,40.67,4.04,1.05,106.09,424.11,288607,2
1,39.33,25.92,22.82,5.46,76.6,502.94,230444,1
0,31.99,8.93,25.61,5.38,31.9,375.94,120035,1
1,30.93,40.63,26.11,4.26,102.64,627.35,329510,2
0,27.63,41.05,17.17,4.88,97.77,580.62,321734,2
1,17.45,18.97,18.1,5.05,50.96,370.46,169989,1
0,9.95,6.34,16.89,3.64,20.42,188.33,70081,1
1,40.04,45.59,30.02,4.77,118.4,752.04,379407,2
0,21.0,22.09,30.21,3.72,54.62,449.96,201311,1
1,21.2,1.63,40.12,1.14,17.43,110.83,30542,1
0,18.19,8.94,30.8,3.92,29.18,331.34,111535,1
1,24.35,42.91,26.78,2.41,103.95,547.04,324086,2
0,41.99,4.1,17.93,0.59,30.33,61.58,33344,1
1,48.03,0.14,16.88,5.67,28.9,190.03,39604,1
0,32.37,12.2,43.94,3.75,42.75,449.63,151835,1
1,3.16,12.09,14.08,1.02,30.87,153.19,92087,1
1,23.68,43.84,6.9,3.39,109.12,486.16,316537,2
1,36.2,8.68,7.44,0.15,40.38,89.42,61432,1
0,29.08,7.47,7.66,4.72,29.97,141.95,66321,1
1,35.85,46.13,18.2,1.3,114.33,510.16,333361,2
1,48.34,21.63,21.8,2.83,72.74,344.64,177838,1
1,20.46,29.11,41.78,5.99,74.9,788.44,303360,1
1,43.96,13.89,30.55,5.2,52.59,461.06,162309,1
0,8.07,19.68,38.39,4.39,45.5,533.08,205123,1
1,30.61,8.15,17.02,2.47,30.99,156.65,72470,1
0,46.74,17.34,31.43,4.6,55.76,456.45,178190,1
1,9.67,29.23,14.8,3.81,67.75,410.21,228990,1
1,14.18,36.42,17.34,0.79,84.02,389.63,260566,2
1,23.71,32.13,35.35,0.47,78.24,358.16,232523,1
0,8.5,8.31,1.49,0.81,16.58,85.98,59384,1
1,36.11,16.83,5.92,5.78,57.97,232.68,131669,1
1,45.06,17.19,25.08,1.99,60.42,261.34,139075,1
1,12.49,45.75,18.93,2.34,101.06,546.86,338641,2
1,40.83,34.2,7.7,0.03,91.24,338.05,239667,2
0,35.15,32.4,10.25,3.87,83.34,403.06,243317,2
0,19.42,39.69,0.52,5.35,90.03,397.25,278010,2
1,19.09,34.86,33.33,4.87,84.42,676.15,310194,2
0,39.25,25.45,44.3,0.15,69.77,265.42,180863,1
1,30.8,10.48,35.41,2.43,42.42,277.25,108347,1
0,44.37,28.29,45.81,5.58,81.04,797.59,301310,2
0,25.83,22.83,24.0,0.61,59.73,252.55,165320,1
1,24.16,9.13,27.05,0.96,37.6,135.68,73033,1
1,4.37,3.52,19.66,5.72,12.75,258.75,69685,1
0,15.54,18.04,4.71,3.95,46.62,220.19,134838,1
0,1.35,43.12,27.91,4.53,83.86,684.53,353459,2
1,28.42,43.75,17.15,0.59,108.14,457.85,311278,2
1,14.45,0.55,17.74,5.73,14.11,207.82,44726,1
1,12.09,18.44,19.06,4.55,48.46,369.49,166958,1
1,33.34,39.1,14.14,3.67,100.36,492.59,294481,2
1,12.2,35.49,31.61,2.15,81.16,504.04,279143,2
1,43.46,24.04,14.57,2.68,73.98,321.6,184811,1
1,25.47,5.59,19.2,2.33,23.34,144.18,57886,1
0,34.11,25.16,24.33,1.89,67.02,341.56,194436,1
1,44.66,11.45,48.38,5.91,49.72,685.7,194585,1
1,10.81,16.41,5.66,4.78,42.27,220.96,126386,1
0,19.75,0.32,5.82,3.63,11.74,44.13,11184,1
1,10.69,0.17,44.83,5.08,11.83,458.44,92877,1
0,46.49,19.16,40.37,2.61,59.06,408.11,178052,1
1,2.4,17.42,18.37,2.02,40.01,249.18,137565,1
0,13.33,5.25,5.17,0.14,19.33,60.64,38517,1
1,11.15,48.8,15.98,2.53,105.61,568.84,358577,2
1,7.1,44.67,23.49,2.73,96.78,579.34,339704,2
0,28.68,16.85,41.1,1.4,48.06,289.3,143067,1
1,2.17,36.2,0.3,2.43,78.68,358.04,253147,1
0,13.41,23.81,11.41,1.7,52.78,271.34,174269,1
0,48.47,26.17,4.38,1.8,73.6,276.63,187144,1
0,8.6,1.93,43.5,4.83,8.38,433.92,97128,1
0,21.16,9.68,19.54,4.72,31.57,269.19,103146,1
0,36.47,9.24,46.15,4.28,34.95,484.46,143740,1
1,45.04,28.58,10.67,2.65,84.87,353.19,214501,2
1,28.24,9.9,2.18,0.81,36.11,105.15,70859,1
0,43.24,37.89,21.28,3.87,101.55,542.85,298366,2
1,34.59,8.24,27.87,2.14,36.79,203.72,82723,1
1,42.45,23.48,7.33,4.52,73.24,288.66,175635,1
1,35.68,10.58,18.39,0.28,43.29,117.29,76880,1
1,27.5,31.71,48.03,4.01,77.9,700.2,299006,1
1,27.65,3.4,30.24,4.38,25.64,295.53,76837,1
1,16.29,37.28,38.37,1.43,88.17,482.3,283844,2
1,8.52,12.99,29.68,1.67,35.98,226.04,110651,1
1,12.19,29.55,46.78,0.26,69.13,325.9,213526,1
0,47.81,26.41,21.73,2.31,77.42,362.7,205211,1
0,38.32,44.27,5.95,2.58,109.26,474.19,316581,2
0,17.85,18.75,40.15,1.14,47.55,273.47,148790,1
0,8.91,24.82,1.1,5.18,53.19,263.6,176921,1
1,47.81,37.92,12.58,0.63,111.36,403.49,270529,2
1,2.7,42.05,11.17,0.58,91.17,430.46,296623,2
0,20.55,30.48,37.26,2.09,70.59,473.88,247532,1
0,11.59,41.43,49.18,1.66,86.9,570.22,321279,2
1,16.11,35.35,47.51,0.21,82.48,370.77,251121,2
0,35.88,48.95,25.64,2.08,113.88,597.79,364852,2
1,7.01,29.72,23.15,1.94,67.13,393.76,228141,1
1,2.54,41.79,31.92,1.62,91.88,515.99,312572,2
1,3.37,35.45,42.47,4.15,79.3,712.2,320594,1
1,21.51,29.16,12.67,1.88,74.91,333.83,213125,1
0,21.76,8.56,2.56,4.24,27.51,107.49,64381,1
1,5.82,9.21,6.43,2.63,27.82,122.98,71169,1
0,26.84,25.04,13.43,2.59,62.02,309.15,187198,1
1,10.92,7.64,39.95,4.73,27.96,467.46,132349,1
0,9.88,43.22,36.09,5.55,91.06,829.99,382874,2
0,44.17,29.11,8.4,1.49,81.99,315.8,209598,2
0,36.38,39.52,42.37,0.37,98.4,431.71,284159,2
1,27.13,24.71,6.34,0.52,71.71,254.38,174609,1
0,48.12,49.19,37.28,2.7,122.11,698.3,385963,3
1,13.65,3.92,38.1,3.52,19.44,297.56,79991,1
0,26.05,3.45,22.31,2.7,20.52,146.64,46715,1
1,1.66,7.47,33.34,2.2,23.07,220.06,82166,1
1,7.55,24.02,36.71,5.0,57.44,612.08,243100,1
1,22.58,23.82,14.8,4.85,65.51,379.35,195723,1
1,20.4,20.12,44.77,1.79,56.46,355.56,172052,1
0,22.13,13.33,8.37,0.84,34.97,142.53,95700,1
1,45.94,13.02,15.08,5.44,50.53,292.8,123958,1
1,23.48,3.53,10.06,0.62,23.66,56.65,29081,1
0,47.04,9.33,8.68,5.79,39.84,200.84,86827,1
0,2.01,45.83,8.37,5.22,94.09,544.82,338956,2
1,37.18,42.93,4.39,2.59,109.79,452.78,305482,2
0,30.1,13.7,36.92,5.22,41.14,525.37,174388,1
0,25.32,7.64,29.57,2.45,24.88,213.4,81112,1
0,3.65,44.88,1.57,3.89,93.73,458.53,316535,2
1,17.26,45.81,46.3,3.71,104.85,797.21,388733,2
1,48.97,32.89,13.72,5.86,93.88,486.87,262841,2
0,23.47,37.76,44.9,3.07,85.36,651.44,319546,2
1,33.88,30.41,20.96,0.76,80.15,326.12,218180,2
0,29.64,5.66,9.3,5.78,25.25,171.88,63377,1
1,13.85,39.28,31.76,3.05,89.72,586.09,313759,2
0,48.71,47.67,44.42,2.45,120.18,688.76,376129,3
1,31.96,7.11,35.15,3.86,35.2,338.89,103642,1
1,45.83,45.13,2.36,4.69,120.36,479.43,321940,3
1,20.83,48.89,41.67,3.28,113.1,756.83,396471,2
0,28.47,45.11,32.21,3.53,104.88,680.39,362108,2
1,14.13,10.66,34.23,5.19,34.96,457.27,145650,1
0,43.93,32.01,7.73,0.85,86.06,330.56,226279,2
1,1.31,41.04,41.88,1.98,87.74,574.12,320336,2
1,23.1,34.15,23.53,3.16,86.73,492.82,270209,2
1,27.57,27.61,25.93,5.44,75.26,562.18,251481,1
1,8.26,3.62,7.79,2.3,13.66,69.09,32554,1
1,28.7,17.68,33.28,4.36,51.71,472.3,183721,1
1,26.11,11.69,25.11,4.35,41.81,330.68,125497,1
0,13.24,3.94,5.55,2.61,12.66,64.1,33051,1
0,48.75,28.54,1.99,2.19,80.21,298.97,203268,2
1,1.06,32.43,11.81,3.93,70.2,406.69,244287,1
0,46.18,38.08,24.01,3.95,102.66,566.36,304384,2
1,34.56,29.06,10.65,0.16,77.72,295.99,205443,1
0,30.97,15.83,16.39,2.58,47.63,232.94,125885,1
1,20.18,18.49,14.76,1.27,54.48,220.95,137626,1
1,47.17,11.98,16.89,3.8,52.06,250.67,110912,1
1,27.97,26.87,35.52,0.69,74.74,315.02,198162,1
0,30.42,30.3,35.5,0.53,74.44,340.7,220039,1
1,26.08,17.76,20.34,4.39,58.39,359.55,161428,1
0,42.5,22.97,12.54,1.73,63.54,273.87,170492,1
1,3.67,45.74,44.63,2.01,99.16,640.13,357563,2
1,16.14,44.96,42.64,2.89,103.55,703.44,366331,2
0,49.78,39.54,4.56,5.94,105.58,444.34,286906,2
0,45.16,11.82,2.06,0.57,47.8,118.78,83691,1
1,35.78,38.63,28.79,5.56,96.29,698.34,333820,2
0,14.61,8.02,9.19,5.71,26.01,192.89,78942,1
1,39.64,7.35,30.81,1.23,42.04,156.57,68580,1
0,10.74,29.48,17.57,3.95,62.86,426.05,233369,1
1,5.0,36.04,30.9,4.15,79.09,623.52,305229,1
0,44.82,41.21,37.02,4.05,103.85,713.34,349269,2
0,25.66,47.48,33.49,2.74,106.68,653.69,369101,2
1,34.09,9.52,17.49,1.63,35.97,149.05,77733,1
1,28.07,3.37,18.78,5.73,26.53,247.7,67362,1
0,36.07,45.9,23.04,2.54,111.8,572.28,344735,2
0,37.21,13.33,48.71,2.26,48.86,356.46,138341,1
1,27.93,38.63,35.62,3.42,95.27,626.39,318982,2
1,11.3,10.25,49.49,0.59,29.21,164.33,84693,1
0,2.58,11.73,4.76,2.27,28.15,142.89,87445,1
0,11.71,4.63,46.24,0.6,16.02,104.19,44578,1
1,30.44,43.25,45.65,4.04,103.94,802.62,377681,2
0,18.19,49.02,39.42,4.21,108.43,822.83,409886,2
0,41.46,7.25,22.69,0.55,34.76,104.6,57571,1
1,37.16,46.86,44.86,1.78,115.98,622.24,359694,2
1,19.16,31.11,4.42,5.17,73.33,362.35,228997,1
0,24.76,7.28,42.23,2.22,26.5,258.08,88345,1
1,34.49,3.87,45.18,5.05,30.5,499.0,119964,1
1,32.9,36.91,19.74,0.86,97.76,406.33,266074,2
0,41.67,24.52,7.77,0.89,68.47,257.3,174276,1
0,47.15,7.05,45.8,3.22,41.2,361.76,107908,1
1,29.07,34.15,32.37,0.59,85.41,379.91,246862,2
0,23.82,13.08,29.29,4.22,38.39,375.14,141068,1
0,34.26,29.1,36.39,3.11,78.11,515.31,249205,1
0,1.64,7.26,30.05,4.6,17.1,354.66,107390,1
0,4.33,14.04,13.48,2.81,30.74,209.7,112182,1
0,7.93,48.96,2.93,2.0,100.59,497.54,344330,2
1,32.99,10.69,4.46,4.33,42.91,151.61,84335,1
1,48.73,0.63,12.52,3.47,29.62,92.41,22071,1
1,46.28,14.98,22.26,3.81,58.34,326.62,141248,1
1,5.15,7.33,1.31,5.8,19.56,90.79,55697,1
1,26.01,38.62,23.41,5.06,95.19,619.82,318021,2
0,14.07,42.0,35.4,1.19,92.18,501.57,310727,2
0,30.83,13.48,43.68,4.16,42.78,501.98,168519,1
0,33.22,21.86,16.13,4.32,61.06,362.77,182807,1
0,48.14,6.28,17.87,4.33,35.41,218.09,75875,1
1,21.96,21.87,18.23,0.63,62.78,246.38,158860,1
0,1.76,40.2,42.94,2.32,79.3,601.87,322112,1
0,21.67,33.8,14.82,1.02,78.25,370.77,243838,1
1,1.01,7.31,4.66,4.52,18.85,116.21,60275,1
1,13.81,8.64,22.49,0.09,30.97,90.58,61628,1
1,27.69,25.1,15.06,0.56,67.46,266.72,179006,1
0,46.13,5.65,8.23,0.99,30.14,75.14,43988,1
0,22.55,41.6,1.36,2.27,95.37,421.61,292406,2
1,11.22,36.19,11.48,3.87,79.18,450.48,271337,1
1,32.35,0.52,21.05,5.68,22.4,248.92,52805,1
1,31.82,38.19,23.38,4.47,98.8,588.3,309504,2
0,10.14,11.19,23.11,3.86,25.51,295.32,115978,1
1,34.1,1.15,5.1,4.38,24.88,53.29,17343,1
1,47.61,30.12,27.59,0.2,87.12,315.12,214700,2
1,19.02,9.95,10.2,2.94,34.99,161.05,82591,1
1,31.06,10.47,21.4,3.27,41.1,240.17,101420,1
0,10.69,14.83,38.23,5.33,35.7,550.66,184808,1
1,4.15,2.04,17.31,3.86,9.04,158.93,42865,1
0,14.88,48.59,27.69,3.77,102.64,689.07,380921,2
1,34.05,21.63,48.43,4.28,71.35,628.36,234776,1
1,24.01,18.55,20.94,5.48,53.36,412.58,175404,1
1,22.52,22.1,3.29,1.36,59.51,234.19,158077,1
1,8.64,41.11,24.86,0.41,95.42,438.5,293382,2
0,32.8,9.03,32.71,5.93,36.33,475.6,140711,1
0,15.18,22.08,47.9,0.23,47.53,244.24,159357,1
0,24.21,36.68,36.69,1.83,83.41,505.28,284729,2
1,38.25,3.48,38.26,4.27,29.83,372.64,92493,1
1,27.86,10.37,43.8,2.54,44.07,329.22,118171,1
0,15.43,2.99,1.65,0.26,16.54,23.64,20159,1
0,29.69,1.11,37.13,0.81,19.59,75.93,21358,1
0,10.89,5.1,24.36,0.48,11.74,76.02,41217,1
0,27.45,7.0,18.63,5.1,26.91,259.88,87494,1
0,36.79,27.7,4.71,4.75,72.4,325.09,204454,1
1,28.52,28.64,19.62,1.84,75.74,357.72,215463,1
1,42.64,48.34,36.76,5.65,122.59,898.75,421551,3
0,13.63,34.11,10.47,5.42,76.5,463.24,263950,1
1,33.67,13.85,13.04,0.83,53.86,162.98,102305,1
1,10.81,31.68,25.08,2.97,72.58,462.53,251656,1
0,31.26,34.55,17.63,2.4,86.01,432.54,260208,2
1,28.31,1.7,16.6,2.36,24.6,94.25,27726,1
0,46.07,2.43,49.05,4.34,30.79,449.86,102129,1
1,12.11,49.42,46.6,5.16,109.5,971.42,442432,2
0,9.38,10.04,28.35,3.56,21.7,307.26,112346,1
0,13.64,1.6,30.34,1.98,11.14,133.82,35325,1
0,45.83,1.68,27.15,5.15,27.79,305.93,70260,1
1,30.06,48.09,48.18,2.08,118.84,687.27,378432,2
1,10.12,43.48,11.4,4.08,99.36,520.93,322451,2
1,38.45,0.84,43.43,1.13,25.88,101.39,24979,1
0,8.54,21.5,49.97,4.96,47.03,703.55,248429,1
1,4.1,46.64,45.43,0.01,103.15,462.9,325981,2
0,13.26,19.96,26.08,3.87,45.17,408.75,182052,1
1,6.88,30.3,12.85,4.33,67.34,418.52,235815,1
0,21.67,36.58,38.07,4.33,86.02,694.37,321861,2
1,35.91,1.37,24.64,4.86,27.45,251.72,57777,1
1,28.24,36.68,44.99,3.47,93.64,671.16,318353,2
1,11.3,21.58,10.96,0.99,51.6,233.14,155584,1
1,16.47,22.07,34.74,0.93,58.16,275.86,166125,1
1,35.76,36.2,49.59,4.65,93.75,827.77,347057,2
0,16.03,6.57,6.98,0.38,20.83,72.28,47807,1
1,4.82,26.22,6.96,2.8,60.87,304.08,192325,1
1,46.08,44.1,45.64,0.26,116.97,466.12,314517,2
0,16.02,15.49,29.01,1.08,42.34,217.94,121452,1
1,32.01,4.66,42.74,5.66,28.2,532.83,130351,1
0,22.03,10.36,21.2,4.63,31.33,308.96,114068,1
1,18.78,40.01,22.49,1.48,93.4,467.3,293958,2
0,25.36,4.94,29.31,2.67,22.21,207.86,66595,1
0,14.34,17.88,35.67,0.7,40.49,234.56,136629,1
1,42.94,43.22,9.46,3.9,112.13,503.65,317501,2
0,24.29,12.11,35.65,5.37,37.12,502.55,161447,1
0,20.16,24.28,7.04,0.84,59.65,253.27,172176,1
1,30.77,4.79,4.09,3.48,30.65,84.48,41255,1
1,45.2,26.6,35.13,4.58,78.78,582.64,250041,1
1,44.75,8.94,8.09,4.35,45.84,165.66,78855,1
1,34.11,22.85,45.05,5.01,66.72,684.47,252051,1
1,23.47,2.91,17.46,3.0,23.22,133.07,42201,1
1,22.28,18.1,11.23,1.93,53.21,230.93,137108,1
1,43.16,29.53,31.87,2.89,82.69,479.31,243888,2
1,1.89,34.25,45.84,1.63,71.3,491.91,269844,1
1,22.55,5.57,22.77,5.9,25.03,321.96,93097,1
1,43.64,15.94,39.8,1.36,57.56,272.76,134884,1
0,48.79,24.14,6.99,0.5,74.97,240.47,169577,1
0,3.69,45.38,33.37,4.6,91.08,753.29,378307,2
0,44.85,18.06,19.14,3.9,55.59,328.47,156370,1
1,11.28,36.01,29.82,1.34,84.83,440.27,268215,2
1,8.52,10.14,28.95,0.78,32.53,141.91,79950,1
1,44.27,38.87,22.62,3.14,101.24,531.26,301230,2
1,22.74,26.76,20.07,2.01,66.4,354.32,205051,1
0,11.49,45.47,23.35,1.79,93.73,541.85,336596,2
0,46.05,9.03,9.52,5.96,37.85,195.75,84379,1
1,25.63,25.36,29.36,1.11,66.25,319.32,191018,1
1,48.46,5.9,46.94,3.1,39.15,334.57,97322,1
0,44.27,29.6,7.36,1.26,80.75,316.32,211649,2
1,7.16,28.72,26.11,3.64,66.24,470.81,238479,1
1,5.68,20.98,49.61,4.49,51.0,662.66,237714,1
1,14.51,33.85,8.46,5.92,79.48,440.63,257568,1
1,1.56,9.51,21.76,1.49,23.77,164.56,80688,1
1,4.21,30.44,14.85,2.3,67.58,368.23,226119,1
0,28.46,47.2,0.31,4.87,105.85,468.03,330358,2
1,34.33,22.76,43.5,0.41,63.5,271.97,168773,1
1,2.43,42.95,40.45,2.73,94.89,656.19,346395,2
1,15.59,7.86,40.03,0.04,27.99,84.39,57104,1
0,15.64,9.0,28.88,4.87,29.35,376.01,120726,1
1,43.62,46.19,32.08,0.83,114.75,521.24,335433,2
1,49.17,8.51,4.12,1.45,48.4,111.51,65686,1
0,2.36,42.87,16.49,2.13,86.85,509.88,317093,2
0,16.26,22.34,45.6,1.34,52.95,337.35,179185,1
1,49.55,40.02,40.58,1.29,111.64,504.05,301830,2
0,9.68,35.85,9.99,5.82,78.94,480.32,275472,1
1,40.77,35.57,31.14,1.01,94.06,422.74,263426,2
0,41.34,46.34,20.59,0.46,111.1,479.73,327867,2
1,37.38,49.26,35.81,4.76,122.73,824.48,411459,3
0,43.83,21.95,13.01,3.22,65.45,303.32,170463,1
0,9.4,37.76,9.96,1.75,80.07,405.99,270151,2
1,42.45,40.4,0.04,5.92,106.15,408.19,284297,2
0,29.46,0.71,20.63,0.43,19.79,22.68,8440,1
0,15.72,7.54,1.92,0.09,20.19,67.23,51556,1
0,22.17,41.06,28.51,1.76,96.26,511.16,307997,2
0,32.75,0.78,2.19,0.55,15.82,14.4,7531,1
0,32.89,5.46,43.29,2.37,27.86,256.99,79087,1
0,33.85,31.54,25.94,5.54,81.02,596.58,277709,2
0,21.34,25.69,31.51,5.02,62.73,578.52,244342,1
0,11.41,10.08,14.68,1.94,25.48,148.92,80368,1
1,14.51,47.27,39.88,0.66,103.57,521.62,341713,2
1,8.95,19.06,11.1,4.57,49.55,297.17,155738,1
1,46.03,32.2,26.24,1.29,91.26,391.8,240206,2
0,27.47,7.75,8.26,0.17,31.33,84.86,56374,1
0,27.78,12.9,38.28,2.2,41.03,298.39,124633,1
1,39.2,43.09,38.71,4.51,109.67,778.32,371896,2
0,35.02,13.48,18.56,1.76,47.56,199.92,107751,1
1,10.54,17.09,12.06,4.98,45.19,295.53,145203,1
1,33.58,48.51,17.32,2.34,120.94,560.98,355393,3
1,34.56,12.77,35.46,3.07,47.46,334.76,131009,1
1,34.03,17.71,7.37,0.73,57.02,178.97,125221,1
1,9.52,44.99,12.35,5.5,102.07,582.66,341828,2
0,24.4,9.72,21.32,5.59,37.64,328.32,115074,1
0,23.72,31.41,25.33,0.38,74.88,328.31,223205,1
1,41.25,15.65,7.05,0.27,56.65,158.58,110673,1
0,4.34,5.73,19.69,1.75,17.36,133.66,56351,1
1,49.04,45.49,28.3,2.43,120.37,586.36,345054,3
0,8.99,32.62,47.49,3.21,70.89,634.81,290585,1
0,22.17,7.54,29.91,5.28,27.41,390.69,116512,1
0,17.4,5.23,15.73,5.35,21.81,225.56,71837,1
0,37.07,23.93,30.76,5.53,64.59,579.69,236219,1
0,11.23,31.73,20.2,3.07,65.78,454.3,250435,1
1,13.76,39.16,35.04,0.4,91.9,411.75,278289,2
0,22.52,35.47,49.41,2.01,80.48,554.92,288663,2
0,40.97,36.56,48.86,5.46,93.34,895.87,362377,2
1,20.62,30.18,27.25,5.31,74.83,596.1,270314,1
0,3.49,45.7,14.59,1.18,92.31,488.35,326748,2
0,38.43,33.42,15.87,3.8,85.77,454.07,258385,2
1,32.0,19.14,8.02,5.48,63.28,279.98,151966,1
0,5.5,38.41,33.39,5.19,77.84,730.79,339017,1
1,37.08,26.87,49.27,4.62,72.72,724.16,279799,1
0,12.95,37.08,48.15,0.59,82.77,431.79,271851,2
1,23.2,22.55,0.7,3.7,59.86,225.4,158914,1
1,35.46,10.62,30.53,3.32,42.72,302.97,114569,1
0,23.44,28.39,46.28,1.58,66.79,423.17,227424,1
1,29.09,48.71,48.15,3.08,116.07,784.39,401129,2
1,16.81,3.9,21.79,2.05,22.16,128.44,46276,1
1,41.8,5.36,9.82,4.04,41.24,133.31,53580,1
1,37.69,5.6,33.3,0.12,34.95,59.99,41029,1
1,39.43,13.28,47.25,2.41,49.12,362.41,139320,1
0,38.17,28.85,30.17,3.61,76.28,510.72,246487,1
0,19.86,13.19,17.43,3.75,34.99,255.0,117176,1
0,28.01,22.77,12.95,0.56,65.77,234.8,161376,1
0,39.0,18.07,43.1,2.16,54.28,369.94,165332,1
1,44.28,2.31,25.21,1.92,31.41,126.81,37339,1
0,49.28,17.52,0.99,2.69,58.32,177.25,123680,1
1,35.04,24.61,22.27,1.46,72.7,310.62,185930,1
0,19.62,39.62,32.33,3.59,89.49,628.59,323830,2
1,48.4,10.69,8.8,0.62,50.81,112.79,76165,1
1,6.13,3.01,12.88,3.15,14.49,104.73,36917,1
0,17.34,29.26,13.27,1.39,67.1,325.81,211997,1
0,34.24,19.19,2.13,5.83,56.45,224.58,141440,1
0,2.48,36.69,48.62,0.9,74.06,448.06,273615,1
1,22.24,22.39,8.6,2.16,59.14,252.38,163279,1
1,31.69,11.53,0.27,5.15,44.4,106.03,79095,1
1,44.83,8.33,2.08,3.2,45.45,102.23,62276,1
0,8.4,9.42,19.45,2.22,21.6,185.9,84296,1
0,29.82,0.6,38.76,2.2,18.35,179.92,39685,1
1,18.9,20.53,18.04,5.73,55.49,414.89,186584,1
0,30.41,46.96,25.28,5.54,108.02,755.71,386582,2
0,31.21,17.95,23.4,2.68,50.01,307.82,151638,1
0,13.71,39.57,16.81,4.62,84.63,554.46,309632,2
1,41.15,20.76,10.35,0.95,64.49,228.95,150364,1
0,38.5,18.34,1.54,2.45,59.1,186.47,129090,1
0,49.8,14.54,34.49,2.59,55.88,319.06,136925,1
1,42.22,24.74,21.26,2.42,74.16,352.72,194515,1
1,6.97,31.18,7.96,5.21,70.99,397.31,235480,1
1,39.64,15.75,43.22,3.05,56.82,427.49,164377,1
1,35.09,13.64,18.69,5.18,46.21,321.17,132766,1
0,11.81,39.83,19.35,5.16,85.08,590.99,318169,2
0,38.77,45.07,19.51,4.95,112.91,634.72,352785,2
1,44.74,41.18,23.48,4.31,111.91,620.39,330483,2
1,17.9,39.9,14.51,2.99,88.4,495.86,299018,2
1,40.59,47.34,34.64,2.98,120.49,679.36,373601,3
1,10.92,14.69,43.2,0.62,39.69,203.3,114424,1
1,7.39,17.42,43.66,3.56,44.04,487.04,185565,1
1,29.16,14.25,3.05,3.44,48.57,161.43,103902,1
1,35.96,28.1,31.28,5.1,83.75,597.19,260866,2
0,2.45,36.46,30.37,4.77,76.2,650.09,312552,1
0,21.84,47.48,4.18,5.92,105.88,532.84,344320,2
0,2.98,6.39,41.19,4.86,13.01,467.51,126058,1
1,27.41,45.65,5.56,3.71,110.62,501.89,329296,2
1,8.07,43.88,4.15,0.2,94.28,448.62,309807,2
0,21.17,16.99,5.15,4.35,44.9,210.8,128055,1
0,11.55,42.43,21.76,5.14,93.06,648.43,342264,2
0,48.1,5.18,37.66,2.18,37.35,209.23,68003,1
0,25.44,10.68,2.56,5.43,35.73,137.95,81093,1
0,5.9,16.6,31.08,5.81,39.48,533.03,189916,1
0,5.74,24.06,45.32,1.35,51.03,364.38,193759,1
0,23.92,27.4,11.76,5.21,67.51,405.54,218448,1
0,36.09,5.19,22.54,5.65,24.95,307.92,87729,1
1,33.78,30.17,41.62,2.42,80.43,505.26,252136,2
1,6.39,11.8,45.2,4.09,31.57,487.49,157054,1
0,20.38,14.54,15.75,2.16,43.74,215.94,116657,1
0,29.04,31.29,39.55,4.49,81.81,672.16,291189,2
1,17.25,1.41,27.79,0.64,15.97,57.75,19519,1
1,3.18,17.52,40.22,4.59,43.88,549.6,198512,1
0,43.97,26.34,4.91,3.44,73.33,296.31,191556,1
1,41.57,5.13,9.03,5.18,34.68,143.63,55416,1
1,20.61,2.65,26.5,5.11,21.34,295.43,73143,1
1,4.25,11.49,38.26,0.71,27.37,172.24,92428,1
1,30.82,9.68,1.85,5.97,39.17,116.4,72285,1
0,3.36,15.41,29.15,4.0,29.54,382.17,153824,1
0,42.28,15.01,26.73,1.42,55.73,220.17,119395,1
0,43.27,21.77,14.6,2.28,64.93,269.93,163686,1
0,42.32,15.23,9.75,1.46,52.74,179.72,112311,1
1,39.89,43.37,12.24,3.14,109.06,518.07,321163,2
1,22.56,4.93,8.33,0.72,24.58,60.7,36898,1
1,20.26,1.34,8.14,0.36,14.02,24.05,12433,1
1,2.99,46.23,33.06,3.44,99.8,689.94,369392,2
0,9.05,42.98,16.61,0.84,89.62,465.75,308548,2
0,32.26,13.54,31.01,1.48,46.38,227.85,113722,1
1,15.78,26.35,19.05,4.85,68.45,446.94,221277,1
0,33.04,0.56,19.97,0.55,17.94,26.7,8834,1
1,36.3,11.68,49.36,0.35,49.72,141.61,86991,1
0,31.91,43.03,25.79,3.14,99.84,586.55,333212,2
1,16.76,11.62,29.87,1.91,35.88,226.71,103630,1
0,6.26,38.86,23.9,1.5,81.3,459.52,286743,2
0,42.73,21.57,35.65,4.23,64.94,509.26,210009,1
0,3.68,1.29,38.44,4.01,3.37,324.01,72083,1
1,14.67,16.62,18.72,0.78,44.03,190.55,122153,1
0,49.37,8.31,20.74,3.23,40.86,210.15,83840,1
0,26.47,44.57,3.16,3.94,99.92,460.76,315591,2
1,23.51,3.8,4.98,2.73,22.99,61.67,31623,1
1,43.53,47.91,17.21,1.67,126.0,547.04,349638,3
1,27.76,15.75,40.03,1.13,48.88,241.54,128116,1
0,41.83,22.28,36.17,3.04,67.11,447.42,201620,1
0,46.44,27.84,13.26,3.08,78.35,356.23,210580,1
0,10.45,15.09,10.35,1.77,37.47,188.94,113945,1
0,34.95,33.83,18.35,1.38,85.47,380.43,245748,2
1,28.7,36.22,16.38,3.99,95.8,491.13,279810,2
1,17.14,9.84,35.76,1.42,32.78,199.26,89655,1
0,11.06,8.12,9.21,1.39,23.05,108.52,62709,1
1,31.88,1.48,30.73,4.26,26.17,272.02,62484,1
0,15.61,19.17,30.66,4.82,44.42,493.29,194880,1
0,31.33,2.31,5.06,3.95,21.36,59.71,24250,1
0,38.83,3.5,33.53,2.61,26.83,213.25,60991,1
1,26.44,47.1,7.72,0.03,108.62,474.24,331089,2
1,47.73,9.04,28.32,5.79,45.45,424.21,130872,1
1,34.2,21.05,7.88,5.87,60.45,300.72,165940,1
0,33.15,24.7,23.59,4.33,65.21,446.91,213373,1
0,32.95,10.61,46.06,2.51,35.98,343.1,122466,1
1,44.54,3.31,32.39,1.26,35.84,120.28,40998,1
0,9.68,0.31,27.93,4.38,3.49,238.33,50189,1
1,40.52,24.19,9.06,4.95,75.31,328.25,187009,1
1,3.34,45.59,2.32,2.54,98.71,467.25,322491,2
1,24.02,10.57,13.37,0.11,37.54,108.89,74747,1
1,47.57,21.94,49.48,0.95,73.24,310.01,172026,1
0,4.01,22.51,16.6,3.88,49.74,356.69,183937,1
0,32.22,47.75,20.08,4.62,112.11,657.34,371037,2
0,28.23,4.09,36.25,3.77,25.51,302.78,81873,1
0,28.5,48.01,26.18,0.95,109.71,531.68,346810,2
1,25.92,26.54,5.54,5.74,74.81,337.9,200570,1
0,21.02,27.99,28.27,5.59,66.38,582.23,257356,1
1,12.56,0.94,46.86,0.13,13.65,17.3,8905,1
0,14.95,23.39,48.73,0.64,54.42,300.23,177785,1
0,44.77,27.27,18.52,5.52,76.72,481.9,232794,1
1,15.28,49.66,18.12,5.21,114.28,685.67,385759,2
0,4.71,17.43,33.06,0.97,36.27,235.67,134850,1
0,15.03,35.31,38.08,2.27,77.16,523.5,281856,1
0,48.18,25.32,45.68,5.81,76.19,781.13,283714,1
1,17.73,48.09,41.52,3.71,110.35,788.17,399102,2
1,37.86,32.39,5.34,2.33,87.96,350.68,233095,2
1,46.83,47.69,35.36,5.31,123.04,844.96,407735,3
0,4.35,18.9,10.37,1.16,37.94,221.42,139170,1
0,45.39,5.28,30.25,3.71,32.46,279.5,82772,1
1,17.64,46.72,14.46,1.93,106.83,507.73,335939,2
0,33.49,7.06,27.02,3.78,30.66,276.0,91409,1
0,35.11,16.34,10.17,4.27,49.56,256.95,133186,1
1,43.77,48.76,43.7,3.67,126.67,808.95,405933,3
0,11.03,45.77,48.18,5.46,97.67,988.39,426832,2
1,42.66,0.58,30.86,2.07,24.74,137.88,31019,1
0,33.34,23.84,26.84,3.87,64.78,446.23,208922,1
1,35.66,47.55,26.32,4.04,118.73,687.07,375394,2
1,29.18,45.74,28.63,0.03,111.4,458.15,320652,2
0,30.16,23.16,8.91,1.15,60.79,252.04,166729,1
1,44.16,19.48,41.93,4.51,66.75,568.82,211888,1
0,38.25,28.81,32.61,3.94,72.85,548.4,254003,1
1,12.04,39.73,2.33,4.4,92.15,416.23,282493,2
0,30.7,1.25,31.38,1.2,16.2,85.97,23642,1
0,39.49,26.72,35.05,2.62,77.1,445.61,223439,1
1,19.79,3.23,46.63,4.93,23.5,499.38,117096,1
1,40.61,24.54,5.22,2.53,74.85,267.18,177098,1
1,18.43,48.52,20.57,1.57,111.83,555.13,353945,2
0,16.52,18.82,46.11,1.22,44.55,302.42,155250,1
1,16.59,0.94,31.75,0.45,14.9,39.98,12959,1
0,29.23,38.72,21.73,1.95,96.56,463.73,286592,2
1,1.34,6.66,32.06,0.4,18.22,97.31,53136,1
0,26.23,27.2,7.02,5.09,66.81,339.26,203991,1
0,38.92,20.23,35.41,2.1,57.86,351.61,172080,1
1,11.26,38.25,32.62,4.88,85.3,701.14,332388,2
1,17.81,2.54,24.72,3.85,18.29,216.44,56183,1
1,32.83,14.85,21.82,2.05,49.88,233.41,121146,1
1,34.26,48.68,20.62,0.2,116.74,493.2,342502,2
0,47.58,23.57,25.2,2.55,70.65,362.62,190686,1
0,30.65,43.79,34.26,3.03,103.4,646.64,348604,2
1,3.5,34.3,38.64,3.05,78.24,579.53,288325,1
1,13.26,13.69,36.73,5.49,39.21,543.13,178123,1
0,47.14,37.0,49.08,5.96,97.33,959.6,377863,2
1,8.3,39.44,9.68,1.23,87.0,415.97,280884,2
0,24.82,15.14,3.98,4.46,43.03,179.04,111731,1
0,3.67,4.45,22.51,1.87,9.72,131.17,49056,1
1,27.02,30.48,45.31,1.95,78.69,483.07,249906,1
0,31.43,30.53,29.32,2.31,75.85,443.94,241590,1
0,40.7,3.9,4.67,0.27,29.28,39.42,27901,1
1,36.69,28.0,47.54,4.45,78.23,694.71,279765,1
1,2.22,10.21,40.2,0.12,25.17,106.0,72922,1
0,6.16,4.11,49.49,2.49,10.82,290.82,79186,1
0,31.92,44.79,29.18,1.72,102.13,546.03,333528,2
0,41.91,36.17,17.03,2.08,94.23,435.8,268074,2
1,9.86,41.35,49.8,5.32,91.88,941.2,395696,2
0,34.12,46.46,34.31,0.97,113.51,533.31,339322,2
1,21.95,11.41,5.63,2.47,38.65,133.96,84560,1
0,48.41,30.12,29.65,5.78,86.89,645.13,279747,2
1,43.48,45.65,30.69,2.23,120.27,589.79,346493,3
1,33.48,9.19,41.13,1.34,41.45,195.95,86102,1
0,19.26,17.0,44.05,1.23,40.79,282.48,142085,1
1,22.1,23.95,7.98,0.31,64.78,249.91,169833,1
0,6.12,26.02,34.04,0.67,56.63,309.47,192535,1
0,8.9,8.11,21.05,2.01,20.86,158.23,72257,1
0,6.38,26.3,5.21,3.37,55.25,291.31,189771,1
0,13.47,22.95,26.23,5.86,51.57,543.74,224356,1
0,16.78,38.14,46.83,3.82,86.98,749.13,341209,2
0,12.69,37.27,45.88,2.85,82.06,635.39,314238,2
0,14.8,41.16,21.42,0.9,91.17,447.92,296065,2
0,1.97,22.55,21.86,2.84,45.63,357.05,184891,1
1,25.09,16.63,42.4,3.94,52.36,494.95,182721,1
1,10.58,43.51,25.19,1.51,98.7,512.1,320839,2
1,39.68,25.37,37.64,5.68,74.67,683.83,264674,1
0,16.48,31.27,5.26,0.53,71.63,311.87,218832,1
1,14.39,10.06,9.34,2.71,33.16,161.96,82887,1
0,34.92,40.37,41.69,1.11,97.31,488.66,300025,2
1,48.51,6.75,5.43,1.46,43.91,81.5,50408,1
0,43.42,40.81,27.21,3.0,104.65,564.27,316989,2
0,38.2,40.92,25.25,1.33,98.7,478.08,301061,2
1,6.03,18.19,27.23,0.01,42.8,177.31,126642,1
0,35.13,46.18,35.94,3.27,112.94,688.49,369546,2
1,12.09,25.03,31.93,0.3,58.77,272.98,180706,1
1,3.06,16.13,15.77,0.98,35.98,205.94,122440,1
0,28.29,44.58,47.37,5.41,103.87,946.4,412494,2
0,12.04,0.94,5.77,4.27,5.38,60.89,17841,1
1,1.35,30.69,13.51,0.55,63.48,315.78,217611,1
0,8.32,2.83,12.84,4.38,13.11,136.49,41677,1
0,39.56,31.48,15.64,3.63,83.29,422.94,242532,2
1,36.69,20.27,42.77,0.16,61.56,223.78,146380,1
1,10.32,2.73,1.46,5.32,15.94,36.62,21939,1
1,8.43,49.26,36.1,4.91,107.72,848.08,416643,2
0,37.75,46.41,7.45,1.34,108.91,478.08,327970,2
1,25.59,38.69,25.64,1.32,94.84,464.21,286982,2
1,48.94,39.76,12.76,4.21,107.18,513.0,301799,2
1,44.11,24.31,34.99,2.5,76.9,417.59,206011,1
0,14.44,18.64,47.26,3.15,42.61,477.96,189736,1
1,11.31,27.14,42.47,0.57,65.41,325.39,201826,1
0,41.79,1.21,46.69,4.08,22.86,389.62,84541,1
1,32.84,16.1,4.75,2.9,53.21,183.04,118205,1
0,16.17,32.82,47.67,2.84,72.97,597.17,284086,1
0,49.02,2.57,28.33,5.77,31.05,351.83,83251,1
1,6.38,16.91,20.81,0.86,41.23,206.64,126139,1
0,2.86,23.12,32.89,0.68,46.95,271.84,170579,1
0,36.87,14.94,48.02,3.14,48.26,453.02,165420,1
1,37.63,43.57,15.29,0.62,111.5,459.21,310694,2
0,19.28,16.7,15.5,5.18,38.77,326.64,149518,1
1,13.57,19.43,4.21,0.35,53.04,194.39,136969,1
0,12.16,28.06,26.97,0.77,64.03,311.18,203479,1
0,8.86,24.37,1.88,3.94,51.75,256.07,173631,1
0,34.25,46.88,34.04,0.72,111.24,521.24,338806,2
1,26.28,15.37,14.75,2.06,50.39,218.75,121609,1
0,26.09,38.16,19.46,5.95,88.37,616.67,314827,2
0,35.27,18.9,20.45,1.27,54.28,238.4,142714,1
0,33.25,28.87,2.35,3.73,74.8,305.77,206115,1
1,44.74,3.54,1.59,1.99,36.12,42.32,26665,1
0,19.58,36.89,37.56,4.16,84.4,678.24,320987,2
1,41.35,19.3,41.2,3.21,63.97,448.38,186375,1
1,23.18,42.24,6.83,1.82,98.23,445.69,300787,2
1,46.64,16.84,3.38,2.18,63.12,183.39,121658,1
1,14.55,6.44,45.61,0.97,23.88,157.84,64751,1
0,29.91,48.94,25.72,1.17,110.91,549.93,355090,2
1,25.28,41.09,27.32,4.22,100.76,640.54,334403,2
1,39.77,31.09,36.62,1.9,88.0,451.7,246744,2
0,25.25,9.08,22.99,3.16,30.33,236.24,92839,1
0,30.41,17.09,38.82,1.86,50.0,309.05,147590,1
0,15.82,20.31,3.69,4.68,51.02,234.13,148979,1
1,39.48,4.8,37.34,4.12,35.81,360.98,97118,1
0,2.2,28.03,32.92,2.56,56.71,453.11,230832,1
0,14.38,49.77,16.51,4.73,106.35,655.72,380034,2
1,43.13,41.62,37.28,5.28,108.69,818.03,372710,2
0,33.09,39.99,44.76,1.29,97.26,522.05,305262,2
1,41.03,40.86,7.77,1.58,110.19,430.0,291141,2
1,42.36,33.98,14.65,5.3,91.78,505.65,271793,2
0,31.83,0.97,37.89,4.82,16.31,376.97,81222,1
0,12.33,6.52,15.55,0.28,21.3,72.65,47280,1
1,5.2,42.49,11.89,5.82,90.58,564.67,326481,2
1,28.27,2.3,44.62,1.65,22.83,171.87,46209,1
1,43.3,43.69,47.88,4.56,116.87,871.4,393588,2
0,46.36,47.14,48.93,0.02,113.08,466.9,329744,2
0,10.41,7.78,16.81,3.17,19.15,186.99,76388,1
1,32.55,19.47,25.54,0.31,61.88,210.41,140259,1
0,40.3,8.57,18.67,2.12,38.67,171.3,77882,1
0,32.87,36.86,4.67,2.49,84.9,392.03,263170,2
0,38.38,35.76,47.34,0.56,89.36,411.03,261342,2
0,5.2,26.17,40.19,1.56,52.02,390.78,209407,1
0,36.91,49.95,46.36,1.8,116.54,662.73,382610,2
0,43.48,24.73,6.39,3.96,71.56,301.38,184569,1
0,46.55,9.61,14.76,1.77,44.85,139.53,76445,1
1,11.47,33.93,0.22,1.3,78.5,335.59,237090,1
0,28.31,44.39,27.04,1.28,102.65,515.66,325420,2
0,7.34,3.43,5.5,4.34,11.96,85.35,35191,1
1,2.49,5.21,30.36,3.65,13.32,270.26,80370,1
0,29.06,13.29,14.54,3.57,41.78,234.03,114121,1
1,45.25,5.35,5.97,0.87,39.84,69.52,41058,1
0,6.82,12.97,24.27,4.84,30.06,374.86,140441,1
1,45.11,15.2,22.21,3.57,56.13,313.1,138925,1
0,37.35,40.7,32.57,3.38,102.97,620.4,327600,2
0,2.01,20.41,10.05,1.23,41.26,229.42,148675,1
1,22.21,15.38,19.47,3.65,46.4,302.41,138125,1
0,1.81,8.73,15.88,3.65,14.63,201.45,84940,1
0,20.65,17.92,33.93,2.3,44.95,330.65,156311,1
1,28.94,41.54,30.07,0.66,103.11,457.81,300035,2
1,13.62,32.76,4.04,1.87,76.62,347.75,233452,1
1,11.03,42.71,39.6,0.08,94.05,429.7,299689,2
1,37.34,18.18,19.11,2.2,57.09,259.92,143846,1
0,16.32,44.89,2.93,3.74,96.41,458.93,316663,2
0,21.32,31.42,17.01,5.81,72.85,514.16,260279,1
0,13.47,49.93,44.41,4.4,106.35,894.13,428631,2
1,29.65,11.11,5.23,5.41,41.71,174.65,90712,1
1,46.61,47.34,2.36,1.43,121.52,486.5,334219,3
1,32.23,13.75,47.04,1.3,48.14,261.86,121724,1
1,15.95,39.75,18.17,3.48,93.84,531.89,305356,2
1,14.34,42.25,29.6,5.15,100.65,714.93,354506,2
1,21.32,44.03,18.69,5.51,106.49,639.87,348561,2
0,13.7,5.01,38.97,2.4,16.0,237.65,72650,1
0,9.1,9.55,18.01,1.59,23.81,153.24,79376,1
1,22.77,33.1,28.28,4.21,83.97,566.29,279530,2
0,29.36,8.26,22.01,5.33,32.76,320.91,106199,1
1,38.6,1.86,33.62,2.62,27.59,201.38,50165,1
1,5.22,43.44,17.67,5.69,95.26,631.63,344110,2
1,16.35,46.34,4.15,0.64,107.19,470.44,326322,2
1,4.35,29.57,41.91,0.14,65.25,306.73,210110,1
1,42.34,34.18,8.33,4.13,95.79,415.39,254251,2
0,18.91,22.83,47.57,0.91,55.79,304.92,175251,1
1,16.28,13.79,8.7,4.0,41.89,205.75,110683,1
0,14.21,38.88,20.0,0.67,83.13,420.23,278741,2
1,4.9,34.88,14.47,0.12,77.55,350.02,244847,1
1,8.0,49.24,5.15,4.75,108.8,536.78,353970,2
0,22.0,38.37,12.97,2.53,88.39,445.33,281739,2
1,22.41,35.21,8.96,2.73,88.34,405.83,257448,2
1,47.19,46.14,13.85,1.9,127.44,514.47,334284,3
1,26.97,2.34,30.13,2.92,24.14,197.51,52002,1
0,12.35,15.76,9.0,0.22,38.94,162.63,111423,1
0,44.34,24.81,15.33,3.03,71.19,334.09,191031,1
0,45.05,25.17,34.72,3.49,73.86,498.3,226497,1
0,26.97,30.93,21.36,4.28,77.26,490.33,253568,1
0,9.45,41.08,8.47,5.66,87.99,511.03,308452,2
1,32.39,21.18,20.86,1.24,61.82,266.39,159998,1
0,36.47,4.38,34.25,3.55,25.25,286.24,79943,1
1,49.18,31.73,28.72,5.38,93.36,616.29,282550,2
0,3.99,3.46,14.78,1.11,8.7,71.11,31611,1
0,47.15,9.58,15.17,1.54,37.95,141.74,76267,1
0,33.66,4.3,6.55,4.64,25.29,92.86,40431,1
0,11.14,47.74,23.66,3.4,104.1,643.19,367566,2
1,43.89,22.94,18.73,0.84,71.4,270.66,169613,1
0,45.12,10.94,41.26,2.72,46.78,339.79,123053,1
0,28.45,0.26,12.37,3.47,15.79,88.96,19629,1
0,11.8,35.24,44.63,0.99,75.85,442.16,265594,1
0,35.91,7.28,11.63,3.68,32.16,161.19,69493,1
1,15.55,44.02,18.71,5.61,100.87,653.45,351562,2
0,20.84,14.16,45.61,5.39,39.03,634.55,198390,1
1,45.01,30.28,46.67,0.21,88.95,327.74,217709,2
0,35.58,28.12,10.45,2.76,71.85,341.71,209725,1
0,41.36,24.17,30.78,4.88,68.42,535.53,228368,1
0,4.04,41.61,10.12,3.42,85.28,485.74,305610,2
0,13.77,2.63,38.54,2.9,13.17,250.74,64017,1
0,49.28,46.9,48.08,2.74,117.99,730.72,381246,2
0,5.05,20.75,13.58,0.69,44.38,235.18,151354,1
1,27.83,11.61,41.28,2.91,43.22,351.72,128495,1
0,12.11,30.48,8.34,2.91,65.39,350.46,222521,1
0,4.81,5.03,29.87,0.43,11.22,78.49,41616,1
1,26.61,37.14,41.26,4.07,90.79,701.46,326440,2
1,1.96,3.1,43.18,2.42,14.76,240.21,64570,1
0,12.97,36.94,9.27,4.92,77.6,454.52,276307,1
1,41.74,6.96,13.51,1.12,40.8,102.35,55455,1
1,23.01,17.33,0.44,1.17,50.99,172.91,121350,1
1,42.97,45.76,1.85,1.56,116.34,468.5,323242,2
1,14.25,20.14,18.81,5.03,53.94,400.89,181655,1
1,42.56,43.59,2.36,1.67,117.39,435.1,305230,2
1,44.25,15.26,19.16,5.07,60.58,342.06,145753,1
1,9.49,42.43,44.17,1.83,94.41,585.12,330222,2
1,6.35,18.41,17.18,3.11,46.74,284.49,149663,1
0,36.35,43.64,11.88,0.11,107.04,445.82,308128,2
0,31.49,17.26,48.69,4.87,48.87,652.01,217595,1
1,17.2,21.84,14.64,1.4,56.36,258.86,161357,1
0,17.74,23.02,43.3,5.36,52.47,692.86,253757,1
1,11.43,6.0,16.27,0.1,22.65,63.25,43118,1
1,6.0,12.23,33.21,1.59,36.2,228.25,107451,1
1,43.48,45.99,47.02,4.62,114.86,886.57,407761,2
0,23.57,33.58,41.56,1.75,79.27,482.1,264553,1
1,38.22,3.32,4.64,1.86,29.11,57.12,28563,1
0,6.52,5.21,39.16,5.67,15.49,494.62,125054,1
0,33.21,39.14,49.51,1.65,96.12,553.61,306619,2
1,40.0,4.04,45.06,5.42,32.16,521.47,125085,1
0,4.47,17.36,38.04,3.53,36.53,445.05,176025,1
0,27.17,35.03,47.21,4.68,82.87,785.38,332579,2
0,20.7,7.05,18.36,4.75,22.11,244.62,84387,1
1,18.76,37.49,20.86,1.05,93.86,415.73,271577,2
1,13.94,2.12,30.04,4.36,17.23,274.16,66475,1
1,42.66,41.2,28.58,3.82,107.71,630.57,333100,2
0,19.13,44.45,17.22,3.58,99.3,563.84,335142,2
1,5.47,45.45,19.97,0.62,98.2,481.81,324111,2
1,46.63,12.74,45.04,3.38,55.53,435.5,151221,1
0,13.48,22.2,21.4,1.22,48.96,273.46,166188,1
0,24.19,27.95,46.42,5.96,66.17,829.07,306281,1
0,11.3,3.37,42.15,2.27,10.44,228.73,62632,1
1,8.04,13.18,35.11,3.5,37.58,376.75,142184,1
0,30.1,17.63,30.69,5.34,50.77,511.12,190787,1
1,7.7,26.09,30.36,3.16,59.48,455.68,222026,1
1,28.57,42.51,48.6,1.91,100.53,613.43,335464,2
1,24.72,8.91,10.71,1.04,37.33,115.96,68562,1
1,7.28,41.52,25.79,3.51,90.35,595.01,327272,2
1,24.02,44.87,47.05,5.9,105.12,1003.13,425172,2
0,25.09,21.39,44.5,1.51,57.75,349.94,177906,1
1,38.03,29.03,16.82,4.12,79.85,431.81,232248,1
0,43.89,3.69,11.41,1.3,27.51,60.98,31317,1
0,27.62,11.48,25.67,0.14,35.93,124.34,82679,1
1,3.95,33.54,34.47,4.84,73.21,667.62,301473,1
1,49.23,34.82,33.12,2.92,97.51,550.34,285230,2
0,13.24,17.26,15.92,5.91,38.21,356.99,158039,1
1,42.43,27.19,20.38,2.66,83.27,383.98,213238,2
0,2.23,34.76,38.29,1.33,75.8,450.32,264693,1
1,31.19,0.13,3.08,3.6,20.96,27.95,7234,1
1,39.54,25.82,43.84,3.49,75.38,577.62,244784,1
0,47.73,43.68,16.7,0.46,109.89,450.04,308556,2
1,39.48,29.08,32.21,3.56,81.22,521.88,250640,2
1,34.66,23.2,5.84,0.03,68.66,234.8,163135,1
1,47.02,44.5,19.74,2.27,117.44,534.58,329936,2
1,17.91,1.77,37.11,0.95,19.72,99.87,29392,1
1,48.24,24.2,35.63,4.66,76.43,570.18,235313,1
1,2.79,22.94,21.58,2.22,53.78,325.38,180786,1
0,11.09,39.63,19.16,1.85,88.26,468.83,292545,2
1,31.21,8.98,45.21,1.78,39.74,244.01,94154,1
1,19.42,30.09,39.14,4.31,72.11,634.37,278246,1
0,19.5,10.34,34.56,1.25,28.65,182.95,88635,1
0,28.28,12.56,24.55,4.28,39.0,323.17,128214,1
0,7.55,36.7,38.65,1.9,77.83,504.77,285453,1
1,9.13,23.28,42.41,1.54,54.97,366.56,190211,1
1,26.59,47.88,23.46,1.83,115.71,565.14,353380,2
1,49.79,28.67,24.12,2.32,86.32,402.66,224810,2
0,17.9,28.86,7.14,5.28,65.89,369.18,218393,1
0,9.06,46.96,35.19,5.57,100.9,863.22,408058,2
0,48.24,35.85,31.67,1.61,97.94,456.4,270531,2
1,43.16,5.03,9.6,3.26,38.55,114.18,48677,1
1,13.05,42.56,4.96,4.81,97.6,482.49,310069,2
1,41.25,8.18,37.69,0.12,41.98,92.96,60054,1
1,14.54,44.14,2.03,4.57,102.54,455.1,312021,2
0,8.1,10.15,25.56,2.37,22.9,225.05,95863,1
0,16.47,31.35,8.97,4.78,70.25,393.4,236047,1
0,22.17,25.71,25.45,2.01,62.24,364.27,201515,1
0,32.94,20.5,4.04,4.77,56.81,243.06,152006,1
0,19.21,48.81,12.35,3.12,110.42,562.68,357147,2
0,29.05,15.91,43.37,4.53,50.25,555.52,191594,1
1,25.49,31.45,20.2,2.05,78.31,391.02,236013,1
0,27.61,6.91,17.11,2.66,29.77,155.82,66079,1
1,40.43,12.05,29.05,5.67,51.93,450.46,151233,1
0,13.07,43.43,30.37,2.5,89.52,589.91,335822,2
1,49.5,33.6,5.39,2.96,96.72,367.24,241707,2
0,39.64,23.99,9.71,0.88,68.21,256.02,171322,1
0,11.22,3.45,7.71,4.68,13.6,114.93,41214,1
1,35.02,0.56,23.1,2.4,24.32,108.12,24973,1
0,24.8,9.98,9.7,0.18,33.23,93.18,69403,1
0,41.28,19.96,19.24,3.66,58.55,338.96,167773,1
1,28.04,45.55,26.2,0.72,111.0,483.94,325389,2
0,18.14,31.9,38.85,2.89,72.53,537.13,267575,1
1,18.43,46.28,25.28,1.47,107.97,535.08,338769,2
1,47.98,12.75,21.86,1.69,55.56,201.8,104719,1
0,28.55,27.69,33.19,5.38,66.9,634.03,265820,1
1,43.66,0.98,36.13,0.6,30.25,47.72,15096,1
0,8.42,28.47,32.51,4.61,61.39,581.75,259370,1
0,13.72,30.74,44.98,5.03,66.77,760.93,306589,1
1,12.1,35.59,10.32,5.01,85.6,461.46,271230,2
1,29.87,11.2,45.76,4.8,44.29,544.63,165562,1
0,25.16,27.01,10.84,2.14,64.37,319.57,199402,1
1,14.7,14.6,33.69,3.46,45.35,379.35,149344,1
0,19.4,40.77,44.26,2.99,89.35,672.98,339260,2
0,8.74,19.8,12.25,0.64,44.25,203.35,140472,1
0,15.82,23.3,36.12,1.36,55.55,332.3,183194,1
1,48.36,16.8,39.44,3.41,63.08,439.35,172479,1
1,10.93,19.78,2.15,2.61,48.4,212.84,142398,1
0,32.54,16.42,1.08,0.85,44.98,165.74,115718,1
1,47.59,1.89,7.48,1.32,32.67,28.79,15354,1
0,27.35,46.64,44.61,5.92,105.97,990.53,431527,2
1,27.86,28.99,39.48,4.54,76.4,651.69,276330,1
1,32.25,38.03,46.29,2.06,93.35,561.31,302575,2
1,16.53,26.91,2.32,5.46,68.36,294.75,193673,1
0,24.92,39.22,49.94,3.01,92.92,694.79,335186,2
0,45.15,22.7,11.83,2.84,71.97,292.59,172765,1
1,34.26,21.54,28.63,4.56,65.26,478.36,204223,1
1,24.69,33.11,14.42,4.25,85.35,448.54,255363,2
0,40.94,11.32,23.35,0.54,39.74,144.81,86070,1
0,36.0,22.61,24.76,1.65,62.62,304.8,174935,1
1,13.36,4.51,39.73,4.8,25.88,425.85,108361,1
0,38.82,32.17,13.26,1.59,81.82,365.58,234688,2
1,13.43,39.26,45.01,5.49,92.01,882.44,373798,2
1,40.71,42.12,15.89,2.4,109.13,489.89,309216,2
1,2.73,40.64,16.18,4.47,87.97,551.11,313897,2
0,4.65,42.31,10.8,3.57,88.58,498.07,311719,2
1,21.53,5.26,46.74,5.25,27.51,547.66,135939,1
1,47.81,29.34,16.67,0.0,88.22,299.74,207518,2
0,35.96,30.39,28.19,2.95,79.15,475.88,247730,1
1,45.55,21.6,14.76,2.62,70.96,299.14,168024,1
0,1.22,13.46,26.17,3.86,33.92,336.12,135259,1
0,19.43,43.62,32.85,4.08,95.27,712.51,360973,2
1,32.95,31.0,35.47,1.33,85.51,401.43,235669,2
1,30.25,4.46,0.89,1.53,29.6,45.41,32026,1
1,12.26,24.59,20.62,0.71,56.63,287.28,180554,1
0,8.53,42.57,42.73,0.66,91.7,473.91,308128,2
1,9.54,24.83,1.23,4.62,60.06,263.86,177625,1
0,9.32,25.21,14.8,0.62,52.48,275.84,182093,1
1,4.97,41.5,13.21,1.25,89.61,443.18,297004,2
1,5.51,31.36,23.92,4.45,71.24,526.8,262927,1
1,49.71,5.73,12.61,0.32,41.69,63.19,42122,1
1,11.27,48.07,46.31,0.91,104.37,566.64,354544,2
0,25.68,25.99,5.64,1.26,64.61,269.81,184667,1
0,30.34,34.88,14.98,2.49,85.7,420.77,258629,2
1,43.26,9.05,40.82,1.38,45.53,195.78,84978,1
0,20.26,43.52,10.73,3.51,98.93,521.25,321953,2
0,46.91,44.84,48.39,4.33,113.46,867.17,398005,2
0,28.75,1.56,43.48,0.83,18.01,89.29,26574,1
1,11.58,31.14,44.99,4.16,71.62,677.25,291333,1
1,16.72,14.61,49.24,5.68,41.64,704.73,214799,1
0,10.32,20.36,46.27,3.58,47.19,536.61,209421,1
1,15.16,2.57,31.36,2.36,16.84,185.08,49992,1
1,6.0,5.73,1.01,0.26,24.12,55.02,40734,1
0,24.92,39.33,4.55,0.3,89.86,398.08,277098,2
0,4.55,32.97,10.89,3.93,69.31,404.82,246691,1
1,27.4,35.24,17.43,4.0,87.54,488.43,274374,2
1,21.39,16.42,7.61,1.3,49.04,188.85,120940,1
0,37.46,38.73,38.3,3.98,94.69,687.18,331131,2
